Message num,Action,send,recived,RXPower,FPPower
8588,POLL,108330388992,1091294847259,-84.88,-91.16
8588,POLL_ACK,1093260866048,110296470928,-85.02,-91.3
8588,RANGE,114048318976,1097012794798,-84.41,-91.52
8589,POLL,116381418496,1099345901471,-84.69,-91.23
8589,POLL_ACK,1801945088,118349153030,-84.6,-91.14
8589,RANGE,122101394432,5554267187,-84.32,-91.94
8590,POLL,124433196032,7886075937,-84.14,-91.41
8590,POLL_ACK,9853441536,126400624783,-83.58,-91.61
8590,RANGE,130152023552,13604920982,-83.16,-91.12
8591,POLL,132484599808,15937504393,-83.11,-91.2
8591,POLL_ACK,17905233408,134452391956,-82.97,-91.48
8591,RANGE,138203493376,21656415517,-83.32,-91.21
8592,POLL,140535690240,23988619544,-84.46,-92.02
8592,POLL_ACK,25955977216,142503111056,-83.37,-91.5
8592,RANGE,146255484928,29708431777,-83.79,-91.28
8593,POLL,148587406848,32040360843,-84.82,-91.87
8593,POLL_ACK,34007982592,150555091735,-84.02,-92.32
8593,RANGE,154307057664,37760029187,-83.65,-91.27
8594,POLL,156638810624,40091789278,-83.89,-91.86
8594,POLL_ACK,42059316736,158606401230,-83.72,-91.35
8594,RANGE,162358611456,45811607651,-84.25,-91.77
8595,POLL,164689840128,48142843470,-84.34,-91.55
8595,POLL_ACK,50110304256,166657364067,-83.13,-91.4
8595,RANGE,170409756160,53862777033,-84.19,-91.38
8596,POLL,172741617664,56194645690,-83.87,-91.51
8596,POLL_ACK,58162324992,174709360115,-85.08,-93.19
8596,RANGE,178461223936,61914269471,-85.63,-91.9
8597,POLL,180792647680,64245700354,-86.14,-92.94
8597,POLL_ACK,66213022720,182760033188,-85.34,-92.01
8597,RANGE,186512623616,69965693770,-86.0,-92.05
8598,POLL,188844425216,72297502505,-85.22,-91.2
8598,POLL_ACK,74264799232,190811785112,-85.61,-92.13
8598,RANGE,194564073472,78017168261,-85.72,-91.05
8599,POLL,196895828480,80348930402,-85.73,-91.88
8599,POLL_ACK,82316801024,198863762251,-84.58,-91.36
8599,RANGE,202615422464,86068541925,-84.73,-91.24
8600,POLL,204946853376,88399979973,-85.41,-92.16
8600,POLL_ACK,90367261696,206914198244,-84.62,-91.49
8600,RANGE,210666518528,94119662640,-86.06,-92.4
8601,POLL,212998322688,96451473956,-86.0,-91.7
8601,POLL_ACK,98418991616,214965903506,-85.1,-91.48
8601,RANGE,218718030848,102171199635,-85.67,-91.1
8602,POLL,221050039296,104503215209,-85.9,-92.13
8602,POLL_ACK,106470832128,223017719373,-85.69,-91.96
8602,RANGE,226769968128,110223161493,-85.98,-91.87
8603,POLL,229101069312,112554269739,-85.33,-91.98
8603,POLL_ACK,114521671680,231068534417,-84.59,-91.54
8603,RANGE,234820838400,118274056275,-85.46,-91.86
8604,POLL,237152846848,120606071835,-85.2,-91.92
8604,POLL_ACK,122573812736,239120650911,-85.18,-92.3
8604,RANGE,242872389120,126325631581,-85.21,-92.21
8605,POLL,245204245504,128657495085,-84.95,-91.64
8605,POLL_ACK,130624962560,247171776147,-84.51,-91.19
8605,RANGE,250923704832,134376971888,-85.48,-92.62
8606,POLL,253255649280,136708923485,-85.8,-91.89
8606,POLL_ACK,138676281856,255223070811,-84.81,-91.73
8606,RANGE,258975451648,142428743331,-85.38,-91.96
8607,POLL,261307053056,144760351863,-85.19,-91.66
8607,POLL_ACK,146726484992,263273249354,-84.58,-91.06
8607,RANGE,267026599936,150479916239,-85.13,-92.29
8608,POLL,277409551872,160862899837,-85.51,-91.83
8608,POLL_ACK,162829201408,279375916588,-85.3,-92.08
8608,RANGE,283127741440,166581106921,-84.73,-91.63
8609,POLL,285461268480,168914641069,-85.24,-92.54
8609,POLL_ACK,170882369024,287429059582,-84.36,-91.82
8609,RANGE,291181066752,174634456849,-85.34,-91.92
8610,POLL,293512671744,176966068970,-84.7,-91.27
8610,POLL_ACK,178933095936,295479761877,-84.13,-91.4
8610,RANGE,299232398848,182685813547,-85.47,-92.67
8611,POLL,301563762688,185017184541,-85.15,-91.05
8611,POLL_ACK,186985037824,303531679131,-84.9,-91.51
8611,RANGE,307283397120,190736836454,-85.61,-92.5
8612,POLL,309615165952,193068612435,-85.04,-91.11
8612,POLL_ACK,195036124160,311582740830,-84.73,-91.62
8612,RANGE,315334102528,198787566504,-84.43,-91.79
8613,POLL,317666508800,201119979903,-84.73,-91.82
8613,POLL_ACK,203087768064,319634360145,-85.28,-92.06
8613,RANGE,323385442304,206838930853,-85.04,-91.79
8614,POLL,325717912576,209171408218,-84.97,-91.56
8614,POLL_ACK,211139064832,327685632358,-84.92,-91.52
8614,RANGE,331437253632,214890766751,-85.14,-92.14
8615,POLL,333769690112,217223210343,-85.28,-92.44
8615,POLL_ACK,219190807040,335737349966,-84.67,-91.26
8615,RANGE,339489465856,222943003597,-84.93,-93.27
8616,POLL,341821093376,225274638250,-84.6,-91.11
8616,POLL_ACK,227241967104,343788485402,-84.69,-91.31
8616,RANGE,347540292096,230993854433,-85.07,-92.04
8617,POLL,349872183808,233325753276,-85.35,-92.39
8617,POLL_ACK,235293537280,351840030962,-85.44,-93.18
8617,RANGE,355591324160,239044911133,-84.53,-91.12
8618,POLL,357923526656,241377120741,-84.79,-91.36
8618,POLL_ACK,243344780288,359891249364,-84.08,-91.49
8618,RANGE,363642846208,247096457758,-84.7,-91.25
8619,POLL,365974930432,249428549087,-84.58,-91.29
8619,POLL_ACK,251396136960,367942581468,-84.42,-91.54
8619,RANGE,371694072320,255147708447,-83.96,-91.94
8620,POLL,374026707456,257480350688,-83.73,-91.34
8620,POLL_ACK,259447547904,375993967838,-84.92,-92.66
8620,RANGE,379746433536,263200094221,-85.31,-93.05
8621,POLL,382077797888,265531465670,-85.14,-93.18
8621,POLL_ACK,267499124224,384045519627,-85.7,-91.9
8621,RANGE,387796670976,271250356153,-85.59,-93.05
8622,POLL,390129141248,273582833515,-84.61,-91.39
8622,POLL_ACK,275548928000,392095298931,-85.33,-91.45
8622,RANGE,395847317504,279301027172,-85.94,-92.05
8623,POLL,398180605440,281634322196,-84.95,-91.21
8623,POLL_ACK,283602238976,400148585425,-84.93,-91.12
8623,RANGE,403899229696,287352963868,-85.12,-91.47
8624,POLL,406231948288,289685689568,-85.13,-91.27
8624,POLL_ACK,291653283328,408199605235,-85.69,-92.94
8624,RANGE,411951083008,295404841695,-84.12,-91.62
8625,POLL,414283725824,297737491620,-84.63,-91.73
8625,POLL_ACK,299704899584,416251196955,-84.44,-91.67
8625,RANGE,420003267584,303457050787,-84.16,-91.26
8626,POLL,422335129088,305788919355,-85.26,-91.71
8626,POLL_ACK,307755789312,424302062235,-85.48,-92.37
8626,RANGE,428054524416,311508332073,-85.06,-92.66
8627,POLL,430386532864,313840347616,-84.52,-91.76
8627,POLL_ACK,315808004608,432354253049,-83.94,-92.16
8627,RANGE,436106267648,319560099808,-84.84,-92.45
8628,POLL,446489335296,329943199056,-85.03,-91.12
8628,POLL_ACK,331909012480,448455211907,-85.12,-91.17
8628,RANGE,452207607296,335661488481,-85.93,-91.68
8629,POLL,454540743680,337994631968,-85.26,-91.68
8629,POLL_ACK,339962113024,456508287940,-86.05,-91.95
8629,RANGE,460260733440,343714639149,-85.72,-92.19
8630,POLL,462592146944,346046059749,-85.46,-92.25
8630,POLL_ACK,348013082112,464559232464,-84.83,-91.41
8630,RANGE,468311740928,351765671197,-85.9,-91.96
8631,POLL,470643237376,354097174750,-84.85,-91.08
8631,POLL_ACK,356064640000,472610765822,-84.88,-93.02
8631,RANGE,476363092480,359817047272,-84.28,-91.3
8632,POLL,478694953984,362148915869,-85.69,-91.94
8632,POLL_ACK,364116827136,480662928440,-84.57,-92.06
8632,RANGE,484414604800,367868584096,-85.24,-91.79
8633,POLL,486746357760,370200344132,-85.52,-92.15
8633,POLL_ACK,372168189440,488714266282,-86.0,-91.73
8633,RANGE,492466136064,375920139798,-86.14,-91.74
8634,POLL,494797387264,378251398059,-86.33,-92.64
8634,POLL_ACK,380219051008,496765103400,-86.75,-92.13
8634,RANGE,500517530112,383971558312,-85.58,-91.33
8635,POLL,502849164800,386303200102,-85.88,-91.23
8635,POLL_ACK,388270921216,504816949111,-86.31,-91.95
8635,RANGE,508569005056,392023057764,-85.55,-91.57
8636,POLL,510900255232,394354315032,-86.63,-91.98
8636,POLL_ACK,396321577984,512867581356,-85.12,-91.01
8636,RANGE,516619531264,400073608510,-85.88,-92.34
8637,POLL,518951598080,402405682457,-85.99,-91.41
8637,POLL_ACK,404372940800,520918919590,-85.66,-92.06
8637,RANGE,524671499776,408125601593,-86.01,-92.39
8638,POLL,527003375616,410457484521,-84.8,-91.56
8638,POLL_ACK,412425261056,528971215324,-84.4,-91.29
8638,RANGE,532723284480,416177410813,-85.49,-91.09
8639,POLL,535054466048,418508599458,-84.83,-91.5
8639,POLL_ACK,420476378624,537022308366,-84.95,-92.16
8639,RANGE,540773546496,424227697333,-86.11,-92.63
8640,POLL,543106182656,426560340592,-84.8,-91.31
8640,POLL_ACK,428527538688,545073443934,-84.68,-91.35
8640,RANGE,548825636864,432279812188,-84.64,-91.38
8641,POLL,551157581312,434611763710,-85.31,-92.27
8641,POLL_ACK,436579099136,553124979940,-84.27,-91.37
8641,RANGE,556877305856,440331505634,-84.97,-91.63
8642,POLL,559208615936,442662822810,-86.18,-91.89
8642,POLL_ACK,444630387200,561176243515,-85.5,-92.51
8642,RANGE,564927556608,448381780900,-84.95,-91.17
8643,POLL,567260393472,450714624856,-85.25,-91.43
8643,POLL_ACK,452681888256,569227720063,-84.71,-92.01
8643,RANGE,572979842560,456434091359,-85.42,-92.04
8644,POLL,575311796736,458766052628,-85.61,-91.16
8644,POLL_ACK,460732546048,577278353352,-85.72,-91.59
8644,RANGE,581031568384,464485841672,-85.85,-91.86
8645,POLL,583362887168,466817167542,-84.96,-91.9
8645,POLL_ACK,468784554496,585330337303,-85.4,-92.17
8645,RANGE,589082617856,472536915617,-84.89,-91.92
8646,POLL,591414599168,474868904022,-85.01,-91.75
8646,POLL_ACK,476836493312,593382251661,-84.44,-91.13
8646,RANGE,597134387200,480588709459,-85.03,-91.21
8647,POLL,599465633792,482919963103,-84.46,-91.67
8647,POLL_ACK,484888434688,601434168542,-85.43,-92.4
8647,RANGE,605185869824,488640216546,-85.01,-91.65
8648,POLL,615568489984,499022868234,-85.32,-92.18
8648,POLL_ACK,500988348416,617534033377,-84.99,-91.51
8648,RANGE,621285835776,504740231387,-85.31,-91.96
8649,POLL,623620217856,507074620540,-84.81,-91.13
8649,POLL_ACK,509042017792,625587678298,-84.91,-92.01
8649,RANGE,629340208128,512794628197,-84.84,-92.23
8650,POLL,631671247872,515125675000,-85.24,-92.93
8650,POLL_ACK,517093505024,633639141092,-84.02,-91.4
8650,RANGE,637391016960,520845461464,-84.86,-91.69
8651,POLL,639723024896,523177476466,-85.3,-92.09
8651,POLL_ACK,525144749568,641690361191,-86.08,-92.38
8651,RANGE,645441088000,528895556962,-85.02,-91.42
8652,POLL,647774115328,531228591351,-85.39,-91.12
8652,POLL_ACK,533196099072,649741686229,-84.57,-91.56
8652,RANGE,653493892608,536948386019,-84.79,-91.6
8653,POLL,655825458176,539279958674,-84.8,-91.05
8653,POLL_ACK,541247283712,657792846423,-84.21,-91.45
8653,RANGE,661544731136,544999248998,-84.58,-91.99
8654,POLL,663877235712,547331760669,-85.73,-92.08
8654,POLL_ACK,549299534848,665845073103,-84.8,-91.46
8654,RANGE,669596961280,553051503588,-85.13,-91.86
8655,POLL,671928326144,555382875489,-85.24,-92.2
8655,POLL_ACK,557350962176,673896476055,-84.37,-91.82
8655,RANGE,677648120832,561102687500,-86.36,-93.2
8656,POLL,679979729408,563434303136,-86.06,-91.98
8656,POLL_ACK,565401687552,681947177031,-85.83,-92.15
8656,RANGE,685699688960,569154280030,-84.56,-92.1
8657,POLL,688031441408,571486039556,-84.15,-91.04
8657,POLL_ACK,573453633024,689999098067,-84.11,-92.33
8657,RANGE,693750927872,577205543384,-84.04,-92.24
8658,POLL,696082849792,579537472394,-83.73,-92.39
8658,POLL_ACK,581505065984,698050506582,-83.46,-91.73
8658,RANGE,701802493440,585257133392,-84.5,-92.19
8659,POLL,704134253568,587588900595,-83.82,-91.47
8659,POLL_ACK,589556856320,706102272534,-84.21,-91.5
8659,RANGE,709854036992,593308701289,-84.08,-92.28
8660,POLL,712185283072,595639954409,-84.55,-92.58
8660,POLL_ACK,597607697920,714153089808,-83.87,-91.68
8660,RANGE,717904423424,601359112062,-85.58,-91.65
8661,POLL,720236686848,603691382546,-85.01,-91.3
8661,POLL_ACK,605659268096,722204635615,-84.41,-91.36
8661,RANGE,725955887616,609410600634,-84.84,-92.22
8662,POLL,728288090112,611742810190,-85.72,-91.97
8662,POLL_ACK,613710455296,730255798424,-84.68,-91.56
8662,RANGE,734007357440,617462094848,-85.56,-91.88
8663,POLL,736339867648,619794612120,-84.24,-91.33
8663,POLL_ACK,621762644992,738307963749,-83.87,-91.86
8663,RANGE,742058766848,625513528624,-84.2,-91.78
8664,POLL,744391274496,627846043325,-85.37,-92.48
8664,POLL_ACK,629814005760,746359300148,-84.65,-91.11
8664,RANGE,750111072256,633565858403,-84.44,-91.86
8665,POLL,752442300928,635897094112,-84.16,-91.17
8665,POLL_ACK,637864519680,754409789756,-85.33,-92.41
8665,RANGE,758162280960,641617091411,-84.25,-91.25
8666,POLL,760494078464,643948895965,-84.88,-92.0
8666,POLL_ACK,645916605440,762461851167,-84.57,-92.44
8666,RANGE,766213535232,649668370016,-85.16,-92.28
8667,POLL,768545168896,652000010730,-84.78,-91.7
8667,POLL_ACK,653967251968,770512473350,-85.71,-91.93
8667,RANGE,774264931328,657719790446,-85.83,-92.91
8668,POLL,784647915520,668102805857,-84.86,-91.66
8668,POLL_ACK,670068718592,786613891490,-83.91,-91.46
8668,RANGE,790365650944,673820558565,-85.04,-92.33
8669,POLL,792699319296,676154233985,-84.31,-91.07
8669,POLL_ACK,678121600000,794666748525,-84.02,-91.05
8669,RANGE,798419476480,681874408485,-84.93,-92.08
8670,POLL,800750722560,684205661593,-84.31,-91.26
8670,POLL_ACK,686173429248,802718553455,-84.4,-91.55
8670,RANGE,806470688256,689925644577,-84.19,-91.71
8671,POLL,808802495488,692257458865,-84.88,-92.11
8671,POLL_ACK,694224996352,810770096201,-85.2,-91.6
8671,RANGE,814521961472,697976942179,-84.47,-91.38
8672,POLL,816853529600,700308517348,-84.91,-92.1
8672,POLL_ACK,702275695616,818820771088,-84.96,-92.08
8672,RANGE,822572529664,706027534729,-84.89,-91.08
8673,POLL,824904994304,708360006441,-84.55,-91.08
8673,POLL_ACK,710327835648,826872886743,-84.54,-91.17
8673,RANGE,830624913408,714079942835,-84.97,-92.2
8674,POLL,832956710912,716411747413,-85.16,-91.98
8674,POLL_ACK,718379087872,834924114584,-84.18,-91.98
8674,RANGE,838676447744,722131501568,-85.52,-93.12
8675,POLL,841007740416,724462801304,-84.89,-91.06
8675,POLL_ACK,726430440448,842975442792,-85.23,-92.26
8675,RANGE,846727312896,730182391074,-84.52,-91.41
8676,POLL,849059144192,732514229404,-85.31,-91.92
8676,POLL_ACK,734481988608,851026966619,-84.5,-91.57
8676,RANGE,854778913280,738234015791,-84.62,-92.49
8677,POLL,857110921216,740566030793,-84.56,-93.03
8677,POLL_ACK,742533874176,859078827822,-84.02,-91.84
8677,RANGE,862830383104,746285510005,-84.56,-91.93
8678,POLL,865161951232,748617085180,-84.57,-92.0
8678,POLL_ACK,750584653312,867129582569,-83.94,-91.9
8678,RANGE,870880592384,754335743657,-84.82,-91.65
8679,POLL,873213723648,756668881957,-85.13,-91.98
8679,POLL_ACK,758636601856,875181506764,-84.39,-91.06
8679,RANGE,878933317632,762388493280,-85.36,-91.52
8680,POLL,881265132032,764720314720,-83.97,-91.31
8680,POLL_ACK,766687645696,883232526231,-83.5,-91.46
8680,RANGE,886984738304,770439938275,-84.21,-92.08
8681,POLL,889316535808,772771742817,-83.44,-91.85
8681,POLL_ACK,774739329024,891284185266,-83.45,-91.71
8681,RANGE,895035502592,778490726855,-84.37,-92.23
8682,POLL,897367934464,780823165736,-84.2,-91.61
8682,POLL_ACK,782791125504,899335957503,-83.93,-91.51
8682,RANGE,903087728640,786542977066,-84.29,-92.36
8683,POLL,905418969088,788874224542,-84.32,-91.08
8683,POLL_ACK,790841914368,907386722182,-84.63,-91.94
8683,RANGE,911139126272,794594398945,-84.01,-91.29
8684,POLL,913470372864,796925652572,-84.56,-91.57
8684,POLL_ACK,798893417984,915438201523,-84.34,-91.95
8684,RANGE,919190458880,802645755851,-85.94,-92.0
8685,POLL,921522150400,804977454380,-85.62,-92.48
8685,POLL_ACK,806944710656,923489469912,-84.55,-92.13
8685,RANGE,927241472000,810696793268,-84.4,-92.38
8686,POLL,929573179904,813028508214,-84.1,-92.07
8686,POLL_ACK,814996029440,931540764371,-84.04,-91.28
8686,RANGE,935292516864,818747862443,-84.35,-91.97
8687,POLL,937624644608,821079997230,-85.57,-92.51
8687,POLL_ACK,823047392768,939592103386,-83.65,-91.19
8687,RANGE,943344438784,826799808690,-84.7,-92.22
8688,POLL,953727764992,837183166243,-85.42,-91.93
8688,POLL_ACK,839149026304,955693688278,-84.82,-91.53
8688,RANGE,959445710336,842901128863,-84.6,-91.38
8689,POLL,961778794496,845234220061,-84.44,-91.38
8689,POLL_ACK,847201847296,963746484980,-85.09,-91.81
8689,RANGE,967498428416,850953871248,-84.34,-91.23
8690,POLL,969830198272,853285648133,-85.94,-93.24
8690,POLL_ACK,855252975104,971797588484,-84.39,-91.11
8690,RANGE,975549451264,859004918413,-85.0,-91.19
8691,POLL,977881970688,861337444861,-85.69,-92.98
8691,POLL_ACK,863305154560,979849743608,-85.6,-92.89
8691,RANGE,983601430016,867056921486,-84.41,-91.24
8692,POLL,985933374464,869388872948,-85.1,-92.39
8692,POLL_ACK,871356388864,987900953619,-84.58,-91.75
8692,RANGE,991653089280,875108605015,-85.12,-91.72
8693,POLL,993984782848,877440305566,-85.24,-91.57
8693,POLL_ACK,879407484416,995952024974,-85.0,-91.29
8693,RANGE,999704244736,883159784641,-85.19,-91.07
8694,POLL,1002035873792,885491420715,-84.29,-91.33
8694,POLL_ACK,887459118080,1004003634405,-83.6,-91.53
8694,RANGE,1007755962880,891211527053,-84.42,-93.0
8695,POLL,1010087590400,893543161599,-84.57,-93.15
8695,POLL_ACK,895510420992,1012054913028,-84.34,-91.93
8695,RANGE,1015807576064,899263164543,-84.09,-91.79
8696,POLL,1018138620416,901594215944,-83.75,-91.02
8696,POLL_ACK,903561784320,1020106252028,-83.47,-91.05
8696,RANGE,1023858388992,907314001821,-83.74,-91.64
8697,POLL,1026190397440,909646017315,-84.22,-91.96
8697,POLL_ACK,911613531136,1028157974495,-83.28,-91.43
8697,RANGE,1031910191616,915365828784,-85.29,-93.06
8698,POLL,1034241427456,917697071697,-84.82,-91.01
8698,POLL_ACK,919664706048,1036209125018,-85.33,-92.27
8698,RANGE,1039960764416,923416425996,-85.51,-91.95
8699,POLL,1042293204992,925748873638,-84.48,-91.37
8699,POLL_ACK,927716068352,1044260462928,-84.17,-91.23
8699,RANGE,1048012810752,931468496729,-84.37,-91.45
8700,POLL,1050344608256,933800301294,-84.57,-91.98
8700,POLL_ACK,935767802880,1052312173053,-84.19,-92.06
8700,RANGE,1056063816704,939519527075,-85.11,-92.51
8701,POLL,1058395698688,941851416129,-84.98,-91.39
8701,POLL_ACK,943818991616,1060363337384,-83.81,-91.57
8701,RANGE,1064114772992,947570507778,-84.47,-91.07
8702,POLL,1066447410688,949903152543,-85.1,-91.59
8702,POLL_ACK,951870724608,1068415045974,-85.77,-91.58
8702,RANGE,1072166833152,955622592326,-85.77,-91.33
8703,POLL,1074498819072,957954585270,-85.84,-92.29
8703,POLL_ACK,959922159616,1076466456659,-85.11,-91.59
8703,RANGE,1080217782272,963673565734,-84.7,-91.81
8704,POLL,1082549849088,966005639615,-84.97,-91.91
8704,POLL_ACK,967973246464,1084517519136,-83.96,-91.57
8704,RANGE,1088269062144,971724869998,-85.24,-92.79
8705,POLL,1090601313280,974057128225,-84.77,-91.59
8705,POLL_ACK,976024508928,1092568757201,-83.66,-91.19
8705,RANGE,1096320188416,979776020746,-85.27,-91.98
8706,POLL,1098652656128,982108495572,-84.85,-93.21
8706,POLL_ACK,984076457984,1109053932,-84.41,-91.86
8706,RANGE,4860633088,987828117783,-84.87,-92.13
8707,POLL,7192432128,990159923933,-84.73,-92.14
8707,POLL_ACK,992127613952,9160185313,-84.18,-92.38
8707,RANGE,12911363072,995878872291,-85.0,-92.19
8708,POLL,23295300096,1006262840826,-85.58,-92.34
8708,POLL_ACK,1008228807680,25261330139,-84.66,-91.25
8708,RANGE,29013677056,1011981235184,-85.89,-92.39
8709,POLL,31346703872,1014314269086,-85.4,-91.81
8709,POLL_ACK,1016281914880,33314412857,-85.59,-91.42
8709,RANGE,37066434560,1020034017176,-85.91,-92.05
8710,POLL,39398420480,1022366010159,-86.04,-91.99
8710,POLL_ACK,1024333790208,41366263700,-85.76,-92.16
8710,RANGE,45118596608,1028086203675,-85.08,-91.66
8711,POLL,47449823744,1030417437881,-85.32,-91.91
8711,POLL_ACK,1032384889856,49417338900,-85.43,-92.16
8711,RANGE,53168791552,1036136423076,-84.9,-91.59
8712,POLL,55500903424,1038468542046,-84.91,-91.87
8712,POLL_ACK,1040435988992,57468413578,-84.66,-92.09
8712,RANGE,61220956672,1044188612645,-85.51,-92.37
8713,POLL,63552317952,1046519981000,-85.51,-92.52
8713,POLL_ACK,1048487365632,65519765793,-85.21,-92.25
8713,RANGE,69271824896,1052239505313,-84.31,-91.42
8714,POLL,71603721728,1054571409194,-84.49,-91.61
8714,POLL_ACK,1056539233792,73571609521,-84.22,-91.78
8714,RANGE,77323761152,1060291466000,-84.37,-91.09
8715,POLL,79655064576,1062622776488,-84.04,-91.8
8715,POLL_ACK,1064590601728,81622953016,-84.37,-91.13
8715,RANGE,85374406144,1068342135435,-84.67,-91.04
8716,POLL,87706467840,1070674204192,-85.1,-92.19
8716,POLL_ACK,1072642850816,89675177644,-84.34,-92.96
8716,RANGE,93425816576,1076393570281,-84.8,-92.29
8717,POLL,95757871616,1078725632413,-85.46,-91.89
8717,POLL_ACK,1080693260800,97725563217,-85.31,-91.78
8717,RANGE,101476512768,1084444290918,-84.76,-91.5
8718,POLL,103809648640,1086777433871,-84.94,-91.54
8718,POLL_ACK,1088744998912,105777276873,-84.86,-92.15
8718,RANGE,109529043968,1092496846555,-85.58,-91.88
8719,POLL,111861052416,1094828862064,-85.02,-91.98
8719,POLL_ACK,1096796686848,113828940383,-85.45,-92.04
8719,RANGE,117581042688,1037241946,-84.6,-91.62
8720,POLL,119912139776,3368346099,-84.22,-92.24
8720,POLL_ACK,5335656448,121879513310,-83.73,-91.95
8720,RANGE,125631231488,9087455201,-84.57,-92.22
8721,POLL,127963546112,11419776895,-85.36,-92.71
8721,POLL_ACK,13386893312,129930725721,-84.78,-92.41
8721,RANGE,133682758656,17139006818,-83.96,-91.35
8722,POLL,136015263232,19471518458,-84.92,-92.73
8722,POLL_ACK,21438952448,137982760427,-83.66,-91.67
8722,RANGE,141734996992,25191269587,-84.31,-91.23
8723,POLL,144066666496,27522946158,-84.05,-91.31
8723,POLL_ACK,29490584064,146034367619,-84.36,-91.61
8723,RANGE,149786310144,33242607150,-84.05,-92.15
8724,POLL,152118070272,35574374369,-84.39,-91.18
8724,POLL_ACK,37541883904,154085643020,-84.09,-91.15
8724,RANGE,157837796864,41294118315,-84.76,-92.01
8725,POLL,160169099776,43625428314,-84.34,-91.16
8725,POLL_ACK,45593060352,162136795034,-83.84,-91.15
8725,RANGE,165888795136,49345141030,-84.21,-91.87
8726,POLL,168220503552,51676856506,-85.13,-92.7
8726,POLL_ACK,53644488704,170188198956,-84.39,-91.97
8726,RANGE,173940603904,57396974212,-84.95,-91.57
8727,POLL,176271906816,59728284194,-85.64,-92.0
8727,POLL_ACK,61695856128,178239541967,-85.23,-91.97
8727,RANGE,181990420480,65446815203,-85.34,-92.77
8728,POLL,192374774784,75831201002,-84.84,-92.11
8728,POLL_ACK,77796910592,194340547580,-84.6,-92.66
8728,RANGE,198092964352,81549407917,-84.06,-91.8
8729,POLL,200426491392,83882942025,-84.0,-91.03
8729,POLL_ACK,85850313728,202393926296,-83.62,-91.56
8729,RANGE,206146201088,89602669064,-84.52,-91.23
8730,POLL,208477895168,91934370213,-84.19,-91.19
8730,POLL_ACK,93902076416,210445664594,-84.07,-91.15
8730,RANGE,214196534784,97653027172,-84.68,-91.62
8731,POLL,216528985600,99985485039,-85.35,-92.32
8731,POLL_ACK,101953056768,218496620537,-84.81,-92.15
8731,RANGE,222247931904,105704448688,-85.25,-92.26
8732,POLL,224580702208,108037226064,-85.32,-92.23
8732,POLL_ACK,110004922368,226548461715,-84.1,-91.31
8732,RANGE,230299514880,113756056085,-84.19,-91.45
8733,POLL,232632105472,116088653742,-85.07,-91.84
8733,POLL_ACK,118055779328,234599294264,-84.3,-92.21
8733,RANGE,238351840256,121808405865,-84.31,-91.85
8734,POLL,240683509248,124140081931,-84.14,-92.15
8734,POLL_ACK,126107539968,242651030502,-84.87,-92.64
8734,RANGE,246402351616,129858941646,-84.32,-92.47
8735,POLL,248734539264,132191136340,-84.79,-91.96
8735,POLL_ACK,134158438400,250701904526,-84.13,-92.23
8735,RANGE,254453600256,137910214665,-84.79,-91.93
8736,POLL,256786316288,140242937749,-84.96,-92.6
8736,POLL_ACK,142210450944,258753892692,-84.68,-91.74
8736,RANGE,262505989632,145962628436,-85.59,-92.26
8737,POLL,264837720064,148294365947,-85.26,-92.28
8737,POLL_ACK,150262262272,266805679595,-84.08,-91.98
8737,RANGE,270557520896,154014184135,-85.24,-92.72
8738,POLL,272888749568,156345419872,-84.83,-91.43
8738,POLL_ACK,158313174016,274856566925,-83.72,-91.16
8738,RANGE,278608587264,162065274917,-83.9,-91.82
8739,POLL,280940522496,164397217224,-83.96,-91.48
8739,POLL_ACK,166366708736,282910077201,-83.99,-91.53
8739,RANGE,286660320256,170117032358,-83.67,-91.74
8740,POLL,288991557120,172448276309,-84.66,-92.15
8740,POLL_ACK,174415660032,290959004029,-83.94,-91.9
8740,RANGE,294710497792,178167234382,-84.12,-92.43
8741,POLL,297043334144,180500077808,-84.53,-91.75
8741,POLL_ACK,182467587584,299010907098,-84.64,-91.78
8741,RANGE,302761969664,186218730728,-84.88,-91.69
8742,POLL,305094732800,188551500947,-85.18,-91.23
8742,POLL_ACK,190519270400,307062565439,-85.16,-91.28
8742,RANGE,310814192128,194270977666,-86.5,-92.02
8743,POLL,313146141184,196602933807,-84.89,-91.4
8743,POLL_ACK,198570444288,315113714850,-84.33,-91.6
8743,RANGE,318865623040,202322433061,-85.47,-92.29
8744,POLL,321197544960,204654362073,-85.75,-92.18
8744,POLL_ACK,206622065664,323165311739,-84.51,-91.32
8744,RANGE,326917345792,210374180306,-85.02,-91.14
8745,POLL,329248574464,212705416054,-86.09,-92.57
8745,POLL_ACK,214672708096,331215929691,-85.38,-92.02
8745,RANGE,334967916544,218424775539,-85.32,-91.89
8746,POLL,337299978240,220756844318,-85.73,-92.34
8746,POLL_ACK,222724279808,339267476906,-84.42,-91.84
8746,RANGE,343018938880,226475822365,-84.25,-91.46
8747,POLL,345351442432,228808333013,-84.86,-92.27
8747,POLL_ACK,230775767040,347318939656,-84.82,-91.86
8747,RANGE,351070650880,234527558869,-84.1,-91.12
8748,POLL,361454189056,244911128600,-85.07,-91.67
8748,POLL_ACK,246877342208,363420465850,-83.83,-92.11
8748,RANGE,367172483584,250629440540,-84.58,-91.39
8749,POLL,369505592320,252962556371,-83.98,-91.04
8749,POLL_ACK,254930244608,371473343760,-83.3,-91.2
8749,RANGE,375224592384,258681573809,-83.85,-92.19
8750,POLL,377556996096,261013984611,-83.82,-91.2
8750,POLL_ACK,262981480960,379524555642,-83.57,-91.3
8750,RANGE,383276269056,266733274951,-83.76,-93.04
8751,POLL,385608460288,269065473258,-83.54,-91.43
8751,POLL_ACK,271033164288,387576214515,-85.15,-92.42
8751,RANGE,391327782912,274784813275,-84.69,-92.27
8752,POLL,393660172288,277117209749,-84.27,-91.13
8752,POLL_ACK,279084914176,395627939916,-85.27,-91.99
8752,RANGE,399379704832,282836759689,-84.05,-91.27
8753,POLL,401711580160,285168642090,-83.86,-91.67
8753,POLL_ACK,287136142848,403679144105,-83.19,-91.6
8753,RANGE,407430475776,290887555110,-84.99,-91.9
8754,POLL,409762610176,293219696583,-84.71,-92.33
8754,POLL_ACK,295187133952,411730110743,-84.31,-91.57
8754,RANGE,415480995840,298938099616,-84.45,-91.43
8755,POLL,417814074368,301271185230,-84.42,-91.11
8755,POLL_ACK,303238617600,419781569928,-85.22,-92.04
8755,RANGE,423533010944,306990139184,-85.42,-92.05
8756,POLL,425865417216,309322552559,-84.59,-91.28
8756,POLL_ACK,311289856512,427832784380,-84.71,-91.97
8756,RANGE,431584758784,315041911522,-85.16,-91.73
8757,POLL,433916820992,317373980801,-84.91,-91.82
8757,POLL_ACK,319341809152,435884712534,-83.99,-91.26
8757,RANGE,439636024320,323093201530,-84.57,-91.05
8758,POLL,441968285184,325425469491,-84.9,-92.17
8758,POLL_ACK,327393097728,443935976598,-84.15,-91.32
8758,RANGE,447687553024,331144754767,-85.22,-91.4
8759,POLL,450020001792,333477210629,-85.19,-91.33
8759,POLL_ACK,335444833280,451987687637,-83.6,-91.06
8759,RANGE,455739595776,339196822047,-84.67,-91.17
8760,POLL,458071092224,341528325583,-85.4,-92.01
8760,POLL_ACK,343496019968,460038849796,-84.61,-91.46
8760,RANGE,463791195136,347248445920,-85.19,-91.81
8761,POLL,466122435072,349579692945,-85.79,-91.65
8761,POLL_ACK,351547311104,468090116420,-83.55,-91.59
8761,RANGE,471841587200,355298862502,-84.82,-91.97
8762,POLL,474174212096,357631494490,-85.63,-91.78
8762,POLL_ACK,359599131648,476141912463,-84.08,-91.16
8762,RANGE,479894012928,363351312748,-83.9,-91.53
8763,POLL,482225242112,365682549024,-84.64,-91.91
8763,POLL_ACK,367649918976,484192675233,-83.35,-91.93
8763,RANGE,487944246272,371401570623,-84.34,-92.49
8764,POLL,490277019136,373734350587,-83.99,-91.1
8764,POLL_ACK,375701400064,492244131792,-83.22,-91.17
8764,RANGE,495996625408,379453974309,-83.73,-91.25
8765,POLL,498328422912,381785778923,-84.02,-91.21
8765,POLL_ACK,383753592320,500296299496,-84.62,-92.62
8765,RANGE,504048016896,387505390310,-83.98,-91.69
8766,POLL,506379826176,389837206698,-84.41,-91.79
8766,POLL_ACK,391804826624,508347509277,-84.5,-92.1
8766,RANGE,512099221504,395556619425,-84.86,-91.69
8767,POLL,514431229952,397888634989,-84.95,-91.26
8767,POLL_ACK,399857291776,516399949937,-83.77,-91.05
8767,RANGE,520151720960,403609143399,-84.5,-91.28
8768,POLL,530533663232,413991117201,-84.68,-91.92
8768,POLL_ACK,415957143552,532499752770,-83.43,-91.14
8768,RANGE,536252105216,419709576573,-85.55,-92.06
8769,POLL,538585127424,422042605863,-84.51,-91.54
8769,POLL_ACK,424010299904,540552884660,-85.21,-91.3
8769,RANGE,544304407552,427761903400,-85.04,-91.76
8770,POLL,546636838912,430094341815,-84.71,-91.91
8770,POLL_ACK,432061654528,548604214796,-85.52,-92.13
8770,RANGE,552356449792,435813970085,-85.3,-91.99
8771,POLL,554688247296,438145774681,-85.82,-91.75
8771,POLL_ACK,440113346560,556655882382,-84.85,-91.19
8771,RANGE,560406822912,443864367659,-85.34,-91.69
8772,POLL,562739276800,446196828641,-85.47,-91.34
8772,POLL_ACK,448164379136,564706890502,-85.03,-90.98
8772,RANGE,568459392512,451916961743,-85.71,-91.19
8773,POLL,570790680576,454248256865,-86.91,-92.09
8773,POLL_ACK,456215810048,572758296944,-87.32,-92.36
8773,RANGE,576510660096,459968253788,-85.33,-91.24
8774,POLL,578842457600,462300058370,-86.34,-92.34
8774,POLL_ACK,464267753472,580810215894,-84.98,-91.27
8774,RANGE,584562063872,468019682039,-85.16,-92.13
8775,POLL,586893861376,470351486637,-85.02,-91.4
8775,POLL_ACK,472319119872,588861557802,-85.37,-92.47
8775,RANGE,592613659648,476071302298,-84.8,-91.77
8776,POLL,594945335808,478402985534,-85.09,-92.6
8776,POLL_ACK,480369776128,596912189593,-85.02,-91.98
8776,RANGE,600664849408,484122516537,-84.71,-91.9
8777,POLL,602996294656,486453968870,-84.57,-91.38
8777,POLL_ACK,488421714944,604964103935,-84.7,-90.97
8777,RANGE,608715323904,492173015526,-84.88,-91.6
8778,POLL,611047758848,494505457550,-84.83,-92.16
8778,POLL_ACK,496473149952,613015514453,-84.3,-91.27
8778,RANGE,616767722496,500225438564,-84.44,-91.73
8779,POLL,619099475456,502557198599,-85.47,-91.78
8779,POLL_ACK,504523726848,621066066895,-85.74,-92.1
8779,RANGE,624817523712,508275264222,-85.94,-92.04
8780,POLL,627150565376,510608312975,-86.33,-91.88
8780,POLL_ACK,512574264832,629116580425,-85.83,-92.01
8780,RANGE,632868882944,516326647925,-85.99,-92.69
8781,POLL,635201908224,518659680287,-84.21,-91.85
8781,POLL_ACK,520627251200,637169542324,-84.68,-91.92
8781,RANGE,640921242112,524379031600,-84.24,-91.36
8782,POLL,643253312000,526711108568,-84.8,-92.08
8782,POLL_ACK,528678917632,645221184274,-83.24,-91.04
8782,RANGE,648973411328,532431225298,-85.3,-91.4
8783,POLL,651304776192,534762597243,-84.59,-92.24
8783,POLL_ACK,536730162176,653272404316,-85.03,-92.19
8783,RANGE,657024052224,540481890656,-84.84,-91.6
8784,POLL,659356179456,542814024980,-85.25,-91.45
8784,POLL_ACK,544781641728,661323859405,-84.9,-91.73
8784,RANGE,665076098560,548533961458,-83.91,-91.86
8785,POLL,667407896064,550865766057,-83.79,-91.73
8785,POLL_ACK,552833276928,669375470139,-83.61,-91.07
8785,RANGE,673127290880,556585178252,-83.77,-91.19
8786,POLL,675459299328,558917193778,-84.17,-91.79
8786,POLL_ACK,560884630528,677426799275,-84.75,-92.77
8786,RANGE,681178770432,564636682251,-84.1,-91.26
8787,POLL,683510697984,566968616876,-84.16,-91.45
8787,POLL_ACK,568936188416,685478332735,-84.4,-91.49
8787,RANGE,689230428672,572688364908,-84.52,-92.02
