x_coord,y_coord,z_coord,x_speed,y_speed,z_speed

1.429275202703436,1.187600250781407,0.9467630430158444,"[0.4971348133112851, 0.5023740592984813, 0.4874965494325893]"

0.2932139428660322,0.750471285606998,1.5106809777805243,"[0.5008136802409053, 0.4376888873243056, 0.4494152746980234]"

0.36558187023052324,0.813717636207671,1.5756217995651731,"[0.5008136802409053, 0.4376888873243056, 0.4494152746980234]"

0.41125196687675103,0.8257067899297055,1.485230741251718,"[0.48082907156088744, 0.4000274890053776, 0.2885355802273618]"

0.3008117424818831,0.5605858945282427,1.8115865318954958,"[-0.09562201206072052, -0.048741625358070736, 0.3749628205121283]"

0.29217748596677146,0.5561847353470506,1.8454440622502783,"[-0.09562201206072052, -0.048741625358070736, 0.3749628205121283]"

0.3032758829749901,0.5767597753085003,1.878132293251501,"[0.11460139015460839, 0.0016783723188009028, 0.32400727416771324]"

0.33200322428811185,0.47022209676760574,1.7681856800507134,"[0.0996727290157076, -0.16027289922210333, -0.22996901275057394]"

0.34150034092425174,0.45495081411530897,1.7462735426149463,"[0.0996727290157076, -0.16027289922210333, -0.22996901275057394]"

0.33352895469888233,0.44523398400528813,1.713013079645005,"[0.06048409265121838, -0.18855200845753017, -0.29230976806852943]"

0.373679704065605,0.3700986956435097,1.688509860996474,"[0.0733639931029448, -0.2643923387285487, -0.23268882172896702]"

0.380585713511078,0.3452105194232213,1.6666060477939761,"[0.0733639931029448, -0.2643923387285487, -0.23268882172896702]"

0.40475128978782643,0.2711950890191344,1.6587768208282947,"[0.05192126678435972, -0.314998142981231, -0.3125066808671469]"

0.45826864186460914,0.2677476789434233,1.6419026043538316,"[0.2384631168352375, -0.16923624083947433, -0.3617644326488536]"

0.4840277854390012,0.24946652635416816,1.602824267693706,"[0.2384631168352375, -0.16923624083947433, -0.3617644326488536]"

0.41762837537843484,0.30921113141863266,1.6220110964497432,"[0.09222065960873971, -0.1498011041041248, -0.4019691717035416]"

0.4308493689143123,0.2877352556503319,1.564383750871623,"[0.09222065960873971, -0.1498011041041248, -0.4019691717035416]"

0.42235875346609303,0.30309102395397847,1.5578934540103444,"[0.08371538021367035, -0.09507857917403247, -0.348848595389619]"

0.41694402506341516,0.32200142086577915,1.5434307875233393,"[0.0782157168228123, -0.0382165719423083, -0.2838226068993001]"

0.39032567155775094,0.3070988568194468,1.5416686054676862,"[0.0260664331342409, -0.167069896873909, -0.3844732050513463]"

0.3928790689687912,0.2907331408066841,1.5040066483699608,"[0.0260664331342409, -0.167069896873909, -0.3844732050513463]"

0.37343181933771047,0.2900635267972209,1.463585654787505,"[-0.06162433526109061, -0.19093849283084052, -0.47272045662882767]"

0.4435654065431992,0.24204704048834375,1.4105411073913103,"[0.13613465009038983, -0.1277651591532419, -0.5106628646418165]"

0.4592806680306786,0.22729794550224472,1.351590645885276,"[0.13613465009038983, -0.1277651591532419, -0.5106628646418165]"

0.4972019023816839,0.1718761748402359,1.3110849775497893,"[0.10680908477537242, -0.0861955885116039, -0.4576926245680273]"

0.5068764877057581,0.16406872496489924,1.2696279576914578,"[0.10680908477537242, -0.0861955885116039, -0.4576926245680273]"

0.6023565741327026,0.08030221248725582,1.2924102032740916,"[0.24219143571451424, -0.1484938820678349, -0.45137717841191194]"

0.5196640623171608,0.1494513854818928,1.3060052464296126,"[0.017627695187517566, -0.20299636489163542, -0.5827741538611523]"

0.4919201163924955,0.2055862063382978,1.2329297901583056,"[0.09664308790709415, -0.13361816538368096, -0.53737360546497]"

0.5010552076352413,0.19295608287161414,1.1821350874674654,"[0.09664308790709415, -0.13361816538368096, -0.53737360546497]"

0.478651922503557,0.20961345294708353,1.1550374264829046,"[-0.004296223179513274, -0.12550348533645306, -0.4728580995949216]"

0.3568888888092895,0.3458222450831208,1.0957066102897806,"[-0.11102653246237894, -0.06853093913679015, -0.4098932400126787]"

0.34704804100254893,0.3397479984400797,1.0593756819745754,"[-0.11102653246237894, -0.06853093913679015, -0.4098932400126787]"

0.3331641902653994,0.31326079752828634,1.0738845358138047,"[-0.16684704843978973, -0.13566039894530768, -0.3367842860868515]"

0.42119436614481415,0.3210685916387954,1.0517800516759752,"[0.17626934179654605, 0.0032226772554889726, -0.33131966348385083]"

0.4369935811379212,0.3213574437459964,1.022083505802065,"[0.17626934179654605, 0.0032226772554889726, -0.33131966348385083]"

0.4056462270325435,0.3434065092684448,1.0572047160747113,"[0.00976924518056812, -0.0017593502954145574, -0.3883852336703045]"

0.43017579397802713,0.32469141465375645,0.9769234166844226,"[0.07317657818103625, -0.015156800067015357, -0.33408774509089867]"

0.437439418206566,0.32318692642910213,0.9437613325856473,"[0.07317657818103625, -0.015156800067015357, -0.33408774509089867]"

0.4139919295101781,0.3469147075417167,1.0443827397994743,"[0.07766738621257305, -0.12356947108099078, -0.30391628558660083]"

0.42110310102653564,0.3356007732651395,1.0165563774251118,"[0.07766738621257305, -0.12356947108099078, -0.30391628558660083]"

0.4025097062703347,0.39143692177418193,0.9006373490639162,"[0.10085259344095751, -0.05140216205427976, -0.29138143004918954]"

0.40754750148230534,0.3648899352884019,0.8117371621056515,"[-0.010075676708499218, -0.1442135849866225, -0.3306490458847936]"

0.34674269646929257,0.3603174459482627,0.9776639446770121,"[-0.1096792436498441, -0.36199474866386294, -0.25111952528470816]"

0.3331282996978877,0.3153833273906157,0.9464926788977928,"[-0.1096792436498441, -0.36199474866386294, -0.25111952528470816]"

0.26490393656556405,0.36585344713041823,0.97805015034124,"[-0.19060413132255993, -0.2864130245209974, -0.2509909025797205]"

0.2447530962585882,0.33557360440658224,0.9515151662289137,"[-0.19060413132255993, -0.2864130245209974, -0.2509909025797205]"

0.42034600692846835,0.35058239738750946,0.9397655771182076,"[0.20959049101653798, -0.017968364413735977, -0.31653883218733286]"

0.3622370364644017,0.417112920381913,1.1262950379150805,"[-0.009337969728515028, -0.015316658627805783, -0.32687455546532973]"

0.3200071697837992,0.4227502445369769,1.08095033630493,"[-0.09648776575043966, -0.09021976778288994, -0.2800786178263915]"

0.3101746612068996,0.4135564712784526,1.0524091488231204,"[-0.09648776575043966, -0.09021976778288994, -0.2800786178263915]"

0.34911170830903604,0.4114680154019999,1.1446776004156276,"[0.2180292016336406, 0.03328812243683647, -0.14890754234464487]"

0.37290738223298847,0.3920371370994516,1.1112955930590633,"[0.1751574236020288, 0.02708090517116806, -0.18284864117945407]"

0.3897491363554851,0.39464102300350395,1.0937143122143873,"[0.1751574236020288, 0.02708090517116806, -0.18284864117945407]"

0.2986880851798641,0.5011043341153184,1.088922683973036,"[0.02113080103620986, -0.023058814063592854, -0.2884147363691316]"

0.3006304072808967,0.4989847909847677,1.0624118898127328,"[0.02113080103620986, -0.023058814063592854, -0.2884147363691316]"

0.42408201305298826,0.35090231909392205,0.8861684975006641,"[0.025303353454352796, 0.0031374048735506926, -0.35439007275859874]"

0.4373949039000491,0.3359359646464008,0.8724597725167474,"[-0.005733624026429089, 0.04333859376037833, -0.3282088795957928]"

0.4028274679026293,0.3672903105035814,0.9017036499102941,"[-0.04415888306501621, 0.04058660067816634, -0.27286060484144864]"

0.3984122463936556,0.3713483577152039,0.8744217096113602,"[-0.04415888306501621, 0.04058660067816634, -0.27286060484144864]"

0.3981058632695211,0.3031887705146605,0.9066865776722319,"[-0.22016201865422189, -0.16714899412151232, -0.33426643644109655]"

0.37470684577802993,0.28542402498297553,0.871160439962767,"[-0.22016201865422189, -0.16714899412151232, -0.33426643644109655]"

0.3478127100883053,0.38448470616278313,0.7245485718918439,"[-0.13997341228708698, -0.03759807351805638, -0.3775306450002905]"

0.30260637772605786,0.5015667968528247,0.708958637841126,"[0.015544107901990184, 0.16992592607869528, -0.1764087261117824]"

0.27836664162896874,0.5127532817779031,0.5968545276800753,"[-0.13692683882572448, 0.14738688275277556, -0.24124326627814177]"

0.26035357365500783,0.5321423946812914,0.5651183728765649,"[-0.13692683882572448, 0.14738688275277556, -0.24124326627814177]"

0.315312585977616,0.596423017149116,0.6445890143545202,"[0.49324362702719987, 0.3735897317242166, -0.13852113100228675]"

0.31908019614902194,0.5503071413586803,0.7887260460882747,"[0.4266823641669077, -0.0030902722737761006, -0.13914466574269965]"

0.3586033141748647,0.5500208928373789,0.7758372287649878,"[0.4266823641669077, -0.0030902722737761006, -0.13914466574269965]"

0.4167431807185757,0.5398978267034594,0.7786174401035041,"[0.4524880966838062, 0.07057901385129438, -0.133586691654908]"

0.4575304577471809,0.5462598190110052,0.7665759357196421,"[0.4524880966838062, 0.07057901385129438, -0.133586691654908]"

0.3230852456577809,0.5473200406063566,0.5790093700642029,"[0.06486806367703972, -0.0049619255293761174, -0.09186916919278497]"

0.314685601448294,0.5104781872557105,0.49575916473361403,"[-0.023060373661169788, -0.15675670212119985, -0.055275030368154184]"

0.2929522460190226,0.49001415321359,0.48229464822441115,"[-0.11388283182963062, -0.25551860564212386, -0.06240791716240017]"

0.28148784354438766,0.4642915039979364,0.4760121430525704,"[-0.11388283182963062, -0.25551860564212386, -0.06240791716240017]"

0.2861194077959997,0.42587879533775297,0.45202801553997846,"[-0.11822490877799398, -0.24976601210927019, 0.03913115439311993]"

0.3085510126263691,0.4729823374669234,0.44633430315528366,"[0.08167395914960873, 0.049024915309924144, -0.08876603114700635]"

0.31725554549596063,0.47820724625287425,0.4368739213656994,"[0.08167395914960873, 0.049024915309924144, -0.08876603114700635]"

0.27797882249340333,0.5037814718661827,0.4597643478400693,"[-0.10445568385524277, -0.042054367014975925, -0.08135174486183319]"

0.31367501057919744,0.34934043937521697,0.3640745632398418,"[-0.06917580043570458, -0.28961641702025637, -0.022622243039717067]"

0.30702183427765656,0.3214857695322941,0.3618988056724334,"[-0.06917580043570458, -0.28961641702025637, -0.022622243039717067]"

0.30911461654726685,0.266941126958601,0.36826457954352654,"[-0.21487301608958206, -0.21757957254070273, 0.02306420054540831]"

0.32761449990311087,0.4098178549229211,0.4835496515261717,"[0.09408227655063875, 0.06106530299084351, 5.2530792548485546e-05]"

0.344282464125881,0.42063640994540924,0.4835589580757457,"[0.09408227655063875, 0.06106530299084351, 5.2530792548485546e-05]"

0.3718313264841845,0.423986030146768,0.5094292779176752,"[0.1964527196377922, 0.08998287127624906, -0.06963648003043314]"

0.3760943687968016,0.41410269750800166,0.6052450951599219,"[0.2081225254920108, -0.06050658558946709, 0.033249237447820386]"

0.4013218782854029,0.4067684098883765,0.6092753915020438,"[0.2081225254920108, -0.06050658558946709, 0.033249237447820386]"

0.3359933834992708,0.4652706809356853,0.5838040856986345,"[-0.04171425004247817, -0.1229862928519175, 0.11241525449263953]"

0.3299221449528557,0.4752415668664105,0.5410970608714536,"[0.052173704552440095, 0.0036393869582425032, 0.05856575131222267]"

0.33510515902504207,0.47560310902602004,0.5469150704569965,"[0.052173704552440095, 0.0036393869582425032, 0.05856575131222267]"

0.3400133102351263,0.41021966467189624,0.5523331635909673,"[-0.10504089909718274, -0.17888216677280527, 0.08150961968237222]"

0.28515231494321447,0.4678298638908376,0.5133714950216769,"[-0.13007046447205045, -0.06122174333785345, 0.025358524873401758]"

0.27237462175409793,0.4618156418608851,0.5158626328205314,"[-0.13007046447205045, -0.06122174333785345, 0.025358524873401758]"

0.26698670934903646,0.535969382016777,0.47689488549580883,"[0.09195108895075393, -0.023367900855343075, -0.05491578567417153]"

0.15846111170117674,0.6740872412255641,0.4396480546471337,"[-0.017591809251869737, -0.0472145387893174, -0.0882792839420927]"

0.15681449372711861,0.6696678942957369,0.43138499008141346,"[-0.017591809251869737, -0.0472145387893174, -0.0882792839420927]"

0.21222375617993347,0.6890397463095959,0.4564887679035176,"[0.1658655186107704, 0.08162450213874246, -0.09747057837317527]"

0.22649460738231036,0.6436732739265626,0.546049124634716,"[0.03758972311547978, -0.009477572051256053, 0.022325271191998123]"

0.22996033098487217,0.6427994541047962,0.5481074856145505,"[0.03758972311547978, -0.009477572051256053, 0.022325271191998123]"

0.2036878499056079,0.642517806831545,0.6107843213356438,"[-0.06475622889477368, -0.044583993608000305, 0.00925146131124321]"

0.17080034566926539,0.6846167823986516,0.7314831206199758,"[-0.07719064646988898, 0.05287230972890329, 0.021813732044555584]"

0.1624556739906206,0.6903325275796607,0.7338412875783097,"[-0.07719064646988898, 0.05287230972890329, 0.021813732044555584]"

0.15149954124771153,0.6622070951278195,0.7405040007808054,"[-0.19163225062784825, -0.11238124944510347, -0.09049702053356692]"

0.259331599215158,0.5882814867650753,0.7429097266031236,"[0.11782196438122766, -0.11153488860349599, -0.10757846686043562]"

0.27083129392888955,0.5773954251075042,0.7324098208074311,"[0.11782196438122766, -0.11153488860349599, -0.10757846686043562]"

0.2604267338386145,0.5786257876951958,0.7852007998854609,"[0.010703476263509816, -0.12225539255014957, -0.1395983558249219]"

0.2501629158128168,0.5541919741956192,0.8074413999093654,"[-0.10927927534194053, -0.11046419434232384, -0.15345586000268574]"

0.23718172904302015,0.541070031964159,0.7892125164053216,"[-0.10927927534194053, -0.11046419434232384, -0.15345586000268574]"

0.27115528247322107,0.41043304630938365,0.8689626300941866,"[-0.22428388514625586, -0.31864825092913024, -0.15607695819838754]"

0.2560454285177819,0.5492044283338765,0.9129859128220723,"[0.08477416483336409, -0.159936027339884, -0.2269292667390998]"

0.264155925462871,0.533903060709677,0.8912751813951504,"[0.08477416483336409, -0.159936027339884, -0.2269292667390998]"

0.3012449639756204,0.5117458904964599,0.9228964288181831,"[0.2655365691278712, -0.1388262374518874, -0.2568644261909648]"

0.3180465461856244,0.5215243422294673,0.8696389536224433,"[0.2705053833110858, -0.1557339530576945, -0.2576951960430265]"

0.3632793472874537,0.4954831491218267,0.8265482195127029,"[0.2705053833110858, -0.1557339530576945, -0.2576951960430265]"

0.27430003610437925,0.5446145577105251,0.818106942008272,"[0.017907432281310177, -0.3668837323815543, -0.4056602049210168]"

0.304474264447372,0.4880922715485514,0.8892247855858242,"[0.022548295196619578, -0.256326792200554, -0.46959521153927314]"

0.3065178051666173,0.4648615025379647,0.8466656063674012,"[0.022548295196619578, -0.256326792200554, -0.46959521153927314]"

0.34065899656124715,0.4356397873218887,0.876532524900759,"[0.11394690948118694, -0.13196273637733313, -0.41679840118219696]"

0.37791009749430077,0.3788475010610889,0.9540857942851928,"[0.05020400922743918, -0.07740449774181084, -0.2691482984118915]"

0.3827524549206912,0.3713815585946621,0.928125471958931,"[0.05020400922743918, -0.07740449774181084, -0.2691482984118915]"

0.38942848153957327,0.36921901230015414,0.8898428191384296,"[0.021683169909626362, 0.0005891254219620725, -0.40303992588309107]"

0.3336154644370121,0.37079233573664677,1.0594969474022293,"[-0.17432859032736045, -0.0811767953850437, -0.30772844449733894]"

0.31712288152174445,0.3631124994793271,1.030383897863263,"[-0.17432859032736045, -0.0811767953850437, -0.30772844449733894]"

0.2784053339945353,0.3525955703499715,1.0128001865268645,"[-0.2626390160376285, -0.20687980619341326, -0.32716292437255406]"

0.2919549559799323,0.44873437185282844,1.0364146061569024,"[-0.017154288669798692, -0.010270244547443906, -0.3686013263453464]"

0.29035863620061075,0.4477786578138997,1.002113819965444,"[-0.017154288669798692, -0.010270244547443906, -0.3686013263453464]"

0.29204643312249606,0.4924820800057939,0.9635655622273194,"[0.15068638327391135, 0.06324142746928907, -0.3893256688274427]"

0.29304726225769573,0.515685516342378,1.0333277804139285,"[0.14026400046053472, 0.06910052676684662, -0.35019132738922737]"

0.31016057840426453,0.5241163265044487,0.9906016719490238,"[0.14026400046053472, 0.06910052676684662, -0.35019132738922737]"

0.31290281508384765,0.4767336246081285,0.9830292762372336,"[0.0225549992619974, -0.12563491015701733, -0.40229414780870026]"

0.29738169948841403,0.4689767225673385,0.8977788246046818,"[-0.030816579045921135, -0.102779331470266, -0.4881264529238656]"

0.2942566857376057,0.4585541891750075,0.8482794341873501,"[-0.030816579045921135, -0.102779331470266, -0.4881264529238656]"

0.3050341826927724,0.4822726977205266,0.8350229010563301,"[0.1319752825525253, -0.0070468260561538576, -0.5041510846755509]"

0.40118914627461805,0.39308395028888504,0.8638909291651546,"[0.2779546048595004, -0.08757121830609285, -0.481044995200544]"

-0.43362908386589,1.5199167712460298,0.675824683396347,"[-0.943045143659554, 0.640581497738512, -0.07082966679805587]"

-0.563917541619624,1.4111603772391705,0.5933357494004461,"[-0.8944637066054347, -0.32792934662021195, -0.03515845785433542]"

-0.30516614246972223,1.4594944219608719,0.6250485253701201,"[0.44001139036466846, 0.043047587037204856, 0.09457181607432846]"

-0.2634178177550054,1.4635787813233094,0.6340215087355271,"[0.44001139036466846, 0.043047587037204856, 0.09457181607432846]"

-0.2520458862090934,1.4464556437680527,0.6176901125205722,"[0.35126874263931246, 0.02292311991914434, 0.0638054100887141]"

-0.24261129208800233,1.42178408754691,0.6623103104289901,"[0.3947851087307965, -0.2373171525521802, 0.09470780285546093]"

-0.2079045093355279,1.4009208009767928,0.670636366974629,"[0.3947851087307965, -0.2373171525521802, 0.09470780285546093]"

-0.19301340483037904,1.4256197963562052,0.7273600473746352,"[0.3833983062897732, -0.1675547526727133, 0.13677155429430496]"

-0.22966608451619155,1.3483770737567762,0.820242350472397,"[0.1245288624924371, -0.33493413712358167, 0.3238396924009768]"

-0.21754511749759323,1.3157763934950084,0.8517631573949176,"[0.1245288624924371, -0.33493413712358167, 0.3238396924009768]"

-0.1950978985633028,1.3394009877013158,0.7963214883386134,"[0.3375570738435286, -0.19972246713427694, 0.18923643404183546]"

-0.19625810947245406,1.2034159351794274,0.5598973644454778,"[0.378430141074754, -0.8000068519184974, -0.20426360040249628]"

-0.42884511265744724,1.3369179370954922,0.5996866845716275,"[-0.75589656693783, -0.43266007733647954, -0.1261179517280239]"

-0.3644780425353315,1.4825488618459055,0.6858893516848572,"[0.09652322976421296, 0.43520444035553163, 0.04563847172236422]"

-0.2840662542678948,1.2825497444915408,0.6787765874640682,"[0.41463429264329627, -0.5723694197977502, -0.18200523043407843]"

-0.5161645441914224,1.212180774800953,0.6723309331204841,"[-1.0044193670117922, -0.47441432842433795, -0.05630239353521598]"

-0.4578285687665568,1.4447782845273678,0.6419435601061391,"[-0.09979561819003153, 0.7241008862321422, -0.08380807778547142]"

-0.39407525601607246,1.2581833810417473,0.5784887352543756,"[0.3821629698657134, -0.34951096547384675, -0.3493187545638057]"

-0.49637788506259084,1.222349008411104,0.5491825413525415,"[-0.3170461179467345, -0.37058515305704587, -0.30578805433868705]"

-0.422535185896167,1.455809817601178,0.5800504918619962,"[0.40128439399021126, 0.8421628092225678, -0.24805586983412942]"

-0.32343044547041516,1.275424050000131,0.5762109918606294,"[0.8177827037937863, -0.31158723642792535, -0.3173056046473229]"

-0.4496475797900097,1.2628822958719772,0.5792223568070428,"[-0.37332281567178266, -0.2716587388165553, -0.15954272416455556]"

-0.3292291310981221,1.4674240745278182,0.694615662578849,"[0.48261244700511013, 0.7360619742962319, 0.11418702098832807]"

-0.2136702720184303,1.217549112440342,0.5940388333626219,"[0.901557830414683, -0.6503478388910275, -0.14814707928757015]"

-0.1382094564732984,1.1457061474389474,0.6190345263710696,"[0.9026039011300551, -0.7962346513940174, -0.11674580214767588]"

-0.4358786390783014,0.9944612561426412,0.619980539868319,"[-0.6995358815084011, -1.152147569330758, -0.16814610107280403]"

-0.3605126982233319,1.0949946333266491,0.6317431056978591,"[-0.04018915411814184, -0.14803098616409646, 0.00435601023729822]"

-0.3443123590855927,1.007550976987302,0.6027404163785675,"[0.12576086640618442, -0.5173805147253686, -0.07828739411895637]"

-0.17871495084889433,1.0273560244008508,0.5826342739418982,"[0.9456042858569479, -0.1586009864406166, -0.0936963528289839]"

-0.09560850622217022,1.048153998314098,0.5468029990365231,"[0.7535827114948251, 0.01483345090865275, -0.17174289351276462]"

-0.042826674941045334,1.0088002193464565,0.564061517714677,"[0.6164066401821187, -0.15296880158766465, -0.14557851342018688]"

0.03730866481861195,0.8793053319433226,0.6011324275406931,"[0.661911570577609, -0.568871139107868, -0.038210803690281334]"

-0.1559350494275497,0.9536358201723515,0.5931125515941504,"[-0.5835572467988555, -0.3495839248064424, 0.03329803992868974]"

-0.20200478100449568,0.9904502521515449,0.5675297799561722,"[-0.5993683825642816, 0.052698428193269406, -0.08993908595368712]"

-0.11369147923270442,1.0901780146917301,0.554931805123952,"[0.12312932103387436, 0.3062069480139723, -0.1866491537167931]"

-0.26908697200848,1.307411046796979,0.6417580276551507,"[-0.8984278570478967, 1.0993542558877936, 0.12344736176282485]"

-0.42303329725379657,1.127832630901219,0.6830913190650438,"[-1.0357887873308194, -0.2624238004267418, 0.06369236542701132]"

-0.26443288724695535,1.2558675229598777,0.6957926034636519,"[0.3108493410522049, 0.24031549550295372, 0.16580431076866797]"

-0.036278002438676474,1.1157044737478543,0.7251458932387385,"[1.2972680911946641, -0.5611175755655041, 0.027807047652826027]"

0.07178408431037342,0.997172476843022,0.7019236660717174,"[1.207545925742249, -0.8124616847598232, 0.040508961651465517]"

0.0677962990287531,0.9210936947823006,0.7434791280101951,"[0.6889826499926468, -0.7415143379161548, 0.1313577060690846]"

0.12115428366031093,0.910688793860752,0.6442364980364909,"[0.6268351518504951, -0.6064773006229351, -0.06625385957186687]"

0.26457517378803064,0.8554260133081271,0.6268247326614572,"[1.374257075684963, -0.367360916492936, -0.126392474296344]"

0.39178273464188834,0.7539300081300452,0.6321918831615667,"[0.9212237297981698, -0.6614459638721615, -0.05983626736681963]"

0.43001205655155833,0.7246533959930803,0.5514316005507334,"[0.792905623828253, -0.6205627971419752, -0.21641865574748528]"

0.2542575869829282,0.9189887761819896,0.5439587762152295,"[-0.03302856736632739, -0.14171305123834532, -0.17236721239649694]"

0.3195581722297346,1.1359046419845213,0.5863148635949478,"[0.47793182591180317, 0.6949023206170075, -0.1377587745523163]"

0.39456271126574727,1.1082023953206948,0.5718155563595095,"[0.6220462908715187, 0.24975291058169288, -0.23832212820443507]"

0.35993243380015133,1.1801941168970138,0.5987828335132112,"[0.15840576920166766, 0.39829770187493135, -0.0834065977665448]"

0.29986300348221484,1.0964566552610486,0.5808603594174413,"[-0.2836237686422755, -0.13208755452492157, -0.08271767614129576]"

0.2616538688820686,0.9343320735216752,0.5908247369879188,"[-0.2883144821325726, -0.7559188328775764, -0.07132922579181669]"

0.37542165533381977,0.8275377004639287,0.5355963301530068,"[0.32289253750732444, -0.8475970832055336, -0.14875902468027605]"

0.4116056806583773,0.7755860098604618,0.5431735042829388,"[0.3732904997511408, -0.6826467277582241, -0.1657517145778641]"

0.40927026490807306,0.6901166786260369,0.4655945610956585,"[0.17100133641470544, -0.6712005362006505, -0.1938900760977316]"

0.40076267731690407,0.934086399494128,0.5065313741853038,"[0.02502587715443149, -0.09088030229167901, -0.14891181656897778]"

0.38013183220286306,0.9374780738504451,0.5387254937989107,"[-0.051716139692502126, -0.03791482427557455, -0.07794238730701605]"

0.5237670313072346,0.8313321824741311,0.5616197230969794,"[0.5896712755583622, -0.27297796545521413, -0.07650531662548635]"

0.5486378513062158,0.5808167466885895,0.5594144972295055,"[0.21983812198224464, -0.9974387600979688, -0.10166739521216689]"

0.5421389193518642,0.47990989769758113,0.5244039955305497,"[0.0792956907709746, -1.0169128739712394, -0.1532068211955082]"

0.6604648646456224,0.38778094495218624,0.5220442195239071,"[0.6691348433344692, -0.9040081395849643, -0.16140278241705427]"

0.4958919229100962,0.6327330303851838,0.6005661765700613,"[-0.11449020391848247, 0.1019800159847121, 0.06209310286464324]"

0.4826504670876146,0.6347382482915908,0.6404674843959672,"[-0.1531935805335756, 0.08020839808505352, 0.08261498630838833]"

0.5481021164341858,0.7972786932055219,0.5983945925080455,"[0.37262633384356764, 0.5747242047973022, -0.020280325346893367]"

0.8033359378258323,0.5389202196448238,0.5935915434368901,"[1.320897931516333, -0.4987023271537449, -0.21362910637545843]"

0.9234758299856913,0.344478505194506,0.5588603539528905,"[1.0086908305343931, -1.0270045758114261, -0.21350071102199839]"

0.8111174219159328,0.4835721090344939,0.6203071883942707,"[-0.14102266636628202, -0.2064810815656665, 0.007964065812792884]"

0.7373853589156119,0.4747931870564634,0.5699796426530039,"[-0.2966976322124797, -0.2002213976377121, 0.03794411723468282]"

0.7599681450078507,0.6461100803361377,0.46805512637407726,"[0.08911993512985615, 0.4461338108689155, 0.16692135982767545]"

0.7591780736536989,0.7168781539400877,0.5375741733434348,"[0.086387063188732, 0.5795870994371402, 0.07212159520111092]"

0.36347263737771063,1.2040248443540145,0.6256540533778729,"[-1.3141769944077664, 1.7078624279606751, 0.03312701447617578]"

0.3966167829784805,1.4624549220880914,0.6956406330578174,"[-0.4298294712208064, 2.2130843627101173, -0.11521760917104329]"

0.43138985434829424,1.4010982291254195,0.6552547206396692,"[-0.07535583749304886, 0.7975077559268463, -0.09558179805353473]"

0.6383644128171372,1.355319794465997,0.6894628472067061,"[0.9553686543953128, 0.395208001731614, -0.1401809155142107]"

0.6254401196383347,1.3228935477369652,0.6914927146273799,"[0.5682774354478558, 0.09923934866011676, -0.17808320528237917]"

0.5011557283073971,1.419154099264584,0.6944641076409304,"[0.07234647484860718, 0.3220127381906629, 0.04052861062806888]"

0.589410874810011,1.325924940687633,0.7615202075215171,"[0.2829762699930081, -0.013626935624463987, 0.03794220569998446]"

0.5804920564148202,1.4089380385612145,0.700658965027707,"[0.2512788441407246, 0.23481293380358662, -0.11326022144449473]"

0.6476293734364851,1.2776963798886591,0.7773694254734846,"[0.3278562468912781, -0.2554149397570628, 0.023601472478471212]"

1.256117224229891,0.3904840431932928,1.5523644355368715,"[1.295384403224662, -1.5003487592388534, 0.6074544405624214]"

1.419602132703774,0.4321048437211808,1.539771045703594,"[1.637381408347653, -0.963143878553623, 0.39236826795045004]"

1.3836473306316401,0.4551049274235996,1.2192630545160197,"[0.9649657442679274, -0.8609420386180172, -0.509903296830266]"

1.4022723843611098,0.4707095568296075,1.2595119754353485,"[0.7167552423021022, -0.6045874656813044, -0.38722088451545955]"

1.484996253163125,0.4165763253383176,1.2387500716280442,"[0.7738448327120581, -0.614145286677205, -0.38413619905234264]"

1.576051349925632,0.3213328018677144,1.2828267501082886,"[0.8095098879224338, -0.737415595946179, -0.2858617994853324]"

1.5621777092154268,0.3598181199077389,1.2621940985979936,"[0.4608244765502001, -0.3948347214971865, -0.14193321172130904]"

1.6124875471731854,0.327417505049968,1.2058782222947402,"[0.4563882064533106, -0.3634017784517457, -0.15345174628327746]"

1.612296914936454,0.3123440515292033,1.0603436728663838,"[0.3677700954480482, -0.2855987541865094, -0.35238782814525665]"

1.5691828060883315,0.3331545255964146,1.066725687092774,"[0.009178572597001297, -0.15837807373893656, -0.07122105728712187]"

1.5526146116607904,0.26085228024761614,1.0566294980779536,"[-0.07553606158713067, -0.338585523440892, -0.026742519110419475]"

1.6409881406309126,0.16480560092798666,1.174518302658317,"[0.321320115304983, -0.496547846737811, 0.1552917324526724]"

1.7153196839832243,0.06955444473469809,1.1985183776352277,"[0.49520950012859893, -0.6552440003180392, 0.18779131882421984]"

1.7997747852788852,0.3983366488628799,1.2193801683233734,"[0.8817843159903156, 0.7121541429023874, 0.23439503010929164]"

1.7489722224471496,0.5459606479260195,1.0561914939573729,"[0.2572513384043525, 0.9321605189712996, -0.3685481417665144]"

1.6957063054960533,0.6956334227837092,1.042790278786018,"[-0.0815906342432985, 1.1096915158551612, -0.08459987561599679]"

1.7955304673849946,0.9584567543821085,1.0539695775676645,"[0.6445101777733165, 1.711875777713447, 0.3980019129510114]"

1.8738159243547967,0.6705661586791275,1.351795311648983,"[0.640713278207258, 0.626615323787696, 0.8957109004257269]"

1.816260432255535,0.8497517057749285,1.643096016558797,"[0.1073161600067785, 1.0351673538907502, 1.3035504185623794]"

1.8643266188688965,1.0987998997412365,1.8561148004235897,"[0.3452370050512011, 1.522044791643124, 1.3561938227518566]"

1.6473315364171255,1.2406001164617881,1.4905875079339175,"[-0.4392163464544371, 1.2022954028362995, 0.1294004442920781]"

1.903524333108923,1.1053703570118971,1.6230296762195433,"[0.7717774949561402, 0.4292173484465719, -0.19929268385344764]"

1.8604362471378502,1.0195631116105233,1.531328442714085,"[0.25830494784230834, -0.06466468782625726, -0.5334293702856655]"

1.867563327937883,0.8241434843089732,1.6864235872960773,"[0.04198124373095333, -0.6390898395789946, -0.0008120333340404566]"

1.8832366798018878,0.7272869241397579,1.6603968347710367,"[0.10026546677251766, -0.7723803094946489, -0.1373378398522468]"

1.9370065486402166,0.7547530585075543,1.6216554268102095,"[0.43874054915866767, -0.33633294570725725, -0.2327796172076977]"

1.9788873987371662,0.715288901869949,1.5487862499154734,"[0.4947531615033009, -0.36932208735600264, -0.24547081359746298]"

1.9002728903112722,0.7530797171511571,1.6931899324207191,"[-0.1958846036587151, -0.11926069100288458, 0.15827940353451542]"

1.8609066638530765,0.713201216146745,1.6905936384921736,"[-0.2783687670495367, -0.21065361909583719, 0.1495330330365231]"

1.8536554275099106,0.9276887122549797,1.583222512932834,"[-0.10401276167089302, 0.3853381088432454, -0.23383601687562455]"

2.050686417864087,0.7146767220418646,1.4635062283623799,"[0.7696136953825623, -0.3343722553725302, -0.5669571932956409]"

2.119471661236367,0.7157252093885426,1.378648097336561,"[0.863342744903628, -0.23462125817381907, -0.6515688577641693]"

2.2251447307671524,0.8230525056210761,1.3144922121138907,"[1.0012004417744316, 0.2724708707549676, -1.0063228857681887]"

2.085655041410251,1.1384378740117604,1.41802536965771,"[-0.03186252995124006, 1.2314477219253224, -0.3808760793272428]"

2.072227937797903,1.2273146078984785,1.3845325346649144,"[-0.09189304716194217, 1.157451045172656, -0.4821489225836358]"

2.027836985807406,1.3216693405981237,1.4217928050818534,"[-0.29606690568737, 0.9851233371514293, -0.2111619619368235]"

2.2003210398293893,1.1209795600547021,1.3420121222806194,"[0.40482013986879184, 0.1578701933263357, -0.5393462944266294]"

2.2717319092498287,1.1594486389011323,1.3367706719467305,"[0.5976509154194719, 0.2813115389813994, -0.4458433451734975]"

2.2494436455262705,1.2440392555517221,1.3844793105640232,"[0.12373596353303991, 0.5874396257814879, -0.0300657471090949]"

2.23869595876719,1.095533262188812,1.5854290612833934,"[-0.04817497518416775, -0.028602131042648134, 0.4858868064887667]"

2.3466782129213177,1.1169303763710028,1.660110532490767,"[0.6673941971821136, 0.37780942588148936, 0.3385666371847114]"

2.223404271315028,1.1917249867491337,1.373669834191526,"[0.07041699517875269, 0.37963487684016484, -0.6178428631200454]"

2.256498804771621,1.210564422094862,1.2936047576836391,"[0.1277870507743303, 0.3194893917723499, -0.6368624328709394]"

2.3087530608172018,1.2712246847837154,1.2782216838882137,"[0.3848421214295723, 0.4370481092537932, -0.3631964456752992]"

2.366309954324438,1.2740976140924958,1.2485541705352239,"[0.5494132697979415, 0.30590840858290375, -0.37737401797363895]"

2.397908712052201,1.0212733132182217,1.511258543015247,"[0.32172992326252414, -0.5328628790775992, 0.36498420802439563]"

2.5485768329542515,1.0253022509033634,1.6209670152458384,"[1.0138468250908972, 0.029370852386509706, 0.38169633199333]"

2.450152074898976,1.068685172150997,1.366578927090454,"[0.4321508161231424, -0.02626941762871796, -0.31004367758013573]"

2.498348239600752,1.0849836719432744,1.3487160629456272,"[0.35000269852898613, 0.03098449729223423, -0.2607539174835542]"

2.5478422115872608,1.1026160733289643,1.3262742711811497,"[0.37795680310202784, 0.10514569395592496, -0.21825464553484]"

2.5760514602171085,0.98298731668736,1.4927157893113923,"[0.23008375844038598, -0.2789955316748752, 0.2949286446734922]"

2.6084412402430552,0.931132565809167,1.5279159759528784,"[0.2863601090153328, -0.41668176820010644, 0.28088193950732687]"

2.775928118099844,1.078395878912666,1.5913327291131907,"[1.0357360507603308, 0.557905104721897, 0.15092581250881273]"

2.945772951182195,1.0446343266937854,1.562550002316669,"[1.5286401023285556, 0.13820565646360147, -0.17631588406485119]"

2.759121449278613,1.0564669495416614,1.0890914183418432,"[0.4852609754469599, -0.10086759158435211, -1.2545802983324648]"

2.797463096863489,1.0364886306639274,0.9916720676703786,"[0.4302522908993616, -0.15947471406877578, -1.2922002764336773]"

2.841149928100426,0.8549074933432069,1.0164632239581517,"[0.2426430857716151, -0.6944392681926009, -0.9323459923744044]"

2.6938422729815836,0.9933228572739036,1.1621139856150051,"[-0.4624354726422941, 0.015135834588096713, -0.27166551722175764]"

2.7803890176128765,1.042061014970065,1.3355265296828593,"[0.08885137183001252, 0.3268368715889561, 0.35054711897544766]"

2.7705402342450687,0.8947399433223726,1.5642076775398712,"[-0.0978561342369045, -0.3196512567176582, 0.9953919186369793]"

2.912466302785663,0.6487699496380888,1.4609549651956784,"[0.4890380563352396, -1.1090362734208603, 0.33146866729650687]"

2.9635871420588162,0.5405974199931227,1.4914366261524774,"[0.48894888632521977, -1.0783849634721114, 0.26837184813353876]"

2.9971379868360626,0.467232062945846,1.5351648531214903,"[0.3822165487359197, -0.9412646299457319, 0.413234985758464]"

3.028817373921677,0.5309290731252989,1.533970779450458,"[0.33902092919450283, -0.4213041199947743, 0.2677231996168288]"

3.032161334679742,0.49570557934647724,1.5423129636889212,"[0.22763010774368775, -0.4298027234093439, 0.21358159353643474]"

3.1098246724935548,0.6228287861089195,1.4109310782377082,"[0.6594839171604482, 0.5207698567074189, -0.4221751427898449]"

3.0435663605485175,0.8082274558389474,1.5423126604070603,"[0.12894511500060904, 0.958810841504834, -0.0009207933228020022]"

3.0011956194999168,0.7886502645378621,1.5522933276697537,"[-0.20943341480844424, 0.4360005107197987, 0.11989247254565283]"

2.9935602235088665,0.8075842594529248,1.6010130137591534,"[-0.18713264548053715, 0.314778898825229, 0.22490027727797235]"

3.1267215283856893,0.6816005533814308,1.3871144477457353,"[0.5412857240352574, -0.23757094601358014, -0.6718684801744669]"

3.1714130950799904,0.565862812000879,1.3317176264135147,"[0.4227878308800519, -0.5575042390126199, -0.5998502093716034]"

3.0769710446380922,0.5995448618126813,1.3135973750663072,"[-0.25368028106808016, -0.2468937448026359, -0.30011987711725213]"

3.17515971758629,0.5899211976701827,1.471074777839564,"[0.18106678042033578, -0.12897097334964105, 0.26926518422560247]"

3.1787078872384122,0.44637706560931256,1.5806160104409737,"[0.009450561856173515, -0.6206673731793884, 0.5478777121038683]"

3.169060402643914,0.390484190316004,1.6207411976128687,"[-0.061142740627379226, -0.5988567649021349, 0.5201320252008889]"

3.2343683648382684,0.24660729642595536,1.5138597039162314,"[0.11748694195471955, -0.7690757226112381, 0.0962831497561059]"

3.189079625817073,0.16326894584316423,1.4900480476231264,"[-0.263243975138829, -0.8330372028677835, -0.025834520591612738]"

3.1689651527218667,0.3280953788680584,1.4261564656248331,"[-0.17339774390894233, -0.030841743784526386, -0.26166149660219834]"

3.1664450425685753,0.3104784254897066,1.3845303436857972,"[-0.1404311009235545, -0.059258771741952376, -0.33367360039456545]"

3.146397638628989,0.3240559412655241,1.347515174082585,"[-0.16416856753082557, 0.03355073876952441, -0.34336613325734433]"

3.2172069545967177,0.2982307721441127,1.414861322850869,"[0.16742135757101523, -0.035943524225142826, -0.05335743873379034]"

3.301800736574875,0.21611789896678363,1.238658371523979,"[0.520756692248244, -0.35642954554424267, -0.7089736976854312]"

3.3333000183989854,0.18501459500482062,1.1701118037524885,"[0.3807640932506263, -0.3303591596151382, -0.6351836303259125]"

3.3932661607148944,0.17178191730049686,1.1622479304908355,"[0.4836379376781343, -0.32403449186621497, -0.4292343609406888]"

3.5012622384230623,0.027525181269519017,1.1609856680989232,"[0.5236805895522412, -0.4738884732299607, -0.27275507253185893]"

3.4734844305646653,0.018887039137898978,1.1585350443304017,"[0.1804374801523857, -0.36060585851127464, -0.23731601169103866]"

3.4946258426046977,0.07202517546352741,1.1395253589859724,"[0.21109913039266143, 0.14020327868771051, -0.24488130445132106]"

3.4512383844463503,0.17800485097010887,1.4890991597724972,"[0.0697439233730772, 0.28404544086290645, 0.6470467169502612]"

3.5206840692303,0.18323350270593175,1.5065117593206412,"[0.46512933306465765, 0.12948738365674578, 0.19097978616392144]"

3.5206752104833177,0.19497713506622635,1.5041540003766616,"[0.3577993277827597, 0.11414104284165191, 0.132565681942772]"

3.5483953885577115,0.08648917339067888,1.554033350541223,"[0.28585783185505526, -0.22611762371564742, 0.24606633169795886]"

3.5886879960110174,0.05990939086451141,1.5818037717921134,"[0.2933250611817745, -0.1819024461362754, 0.24351277283746944]"

3.676682285747719,0.1719975519931212,1.4736845628940736,"[0.6541445925439462, 0.6563661906921071, -0.2509637807649964]"

3.8434113753796093,0.070584961735583,1.0447791218701696,"[0.8048789555370622, 0.430100443654372, -1.0142101719179333]"

3.8910325721094203,-0.08269471449240828,0.9399235282275824,"[0.5952974973184875, -0.6013485460577342, -0.8839236298851486]"

3.8622463765477395,-0.12498827828204215,0.8297841234800255,"[0.2957004891463331, -0.513610906792845, -0.9565524901410241]"

3.8324597712634585,-0.19084553217739122,1.040824559215636,"[-0.09338278388018018, -0.6435554674890942, 0.22932779480975252]"

3.9144159508580136,-0.16097552450391384,1.0147275138234932,"[0.6021991720113012, -0.19488170265385418, -0.41022418010187617]"

4.021430414735285,-0.1612113918073803,0.9906216971959619,"[0.7020220003606142, -0.1253191310517746, -0.32239095099832293]"

4.0936375478160745,-0.13678611105425534,1.0269560715167962,"[0.7325944107211647, -0.0001857010583838814, -0.1250266785361882]"

4.078386275106734,-0.1144979359722343,1.0208436592585801,"[0.25126059834455416, 0.10272971407480702, -0.12716846695730655]"

4.127544467981498,-0.14042769882179515,0.8488541020522419,"[0.30908832800323616, -0.006405947218554156, -0.5346032324070845]"

4.15487735721493,-0.07678876985438711,0.8455294351470877,"[0.29577624030343913, 0.23557078334774834, -0.3735736013295152]"

4.155591874652033,-0.050084640679118504,0.8033466044145113,"[0.2060288484118695, 0.25376540764009803, -0.4018032778215241]"

4.178341581895041,-0.013353367701523062,0.7533100061418422,"[0.22420174057914077, 0.33082305658463007, -0.4355120152579435]"

4.168385519930956,0.03568969979277064,0.7367424226063772,"[0.016855100945824285, 0.37100759094986796, -0.3567514972572837]"

4.284376903640321,0.08015024971526827,0.7129288124480496,"[0.7023166405019889, 0.43033825782435897, -0.9262508927027452]"

4.270502845931735,0.14319643458171666,0.6341995885043872,"[0.447609341088317, 0.48397882067512044, -0.8623981791921218]"

4.31078745203146,-0.15826184384232675,0.5601904387340597,"[0.3513910007576317, -0.620874329130199, -0.9083481584911847]"

4.301203374135247,-0.21000391829435014,0.5005385992658627,"[0.11773692412932904, -0.6063813377218991, -0.8280042588423907]"

4.328748868118684,-0.09548675715562834,0.4233004972378985,"[0.2517562415024784, 0.22264914379511264, -0.8082493267644838]"

4.306217935151529,-0.05861278100781102,0.4879603232873219,"[0.006265008302461148, 0.2139376221760897, -0.46654564512658886]"

4.381927426242596,-0.04969089088627099,0.7764187864260936,"[0.4012807284105859, 0.26225813591445774, -0.3945194349988062]"

4.352795612916528,-0.04126571515010709,0.7489109284671889,"[0.17279944226831806, 0.19806318629786301, -0.3388601276479822]"

4.365747045104783,-0.17318587780013237,0.7024756043860875,"[0.11188559087136601, -0.31442657690768994, -0.39143291621670095]"

4.3539549101349255,-0.2085048127375113,0.6921352903066074,"[-0.035184924194359354, -0.3741236821392891, -0.29374858369216494]"

4.525388712698262,-0.2576372169701127,0.7530905724392363,"[0.6408908900660618, -0.3822037646845489, -0.009040808966290111]"

4.595317391779082,-0.06679232552572473,0.8267149966696197,"[0.7015831570334798, 0.5395140446934117, 0.17781119451680044]"

4.834956879783053,-0.03717696239198591,0.8560325316056645,"[1.693622906304757, 0.43142278123985706, 0.2479228277452511]"

5.046873316376342,0.009858016811122505,0.4322199063890599,"[1.6759727463736902, 0.4785696307761921, -1.1361107413363931]"

5.196981055041768,-0.14159076242025256,0.19588391043022538,"[1.6433681011539514, -0.32045808611407917, -1.411905817969009]"

5.01925088253524,-0.22634943982411387,0.3081009994832614,"[0.11781696579898689, -0.3712411902646486, -0.8105287889449758]"

5.053912640611811,-0.007732165513547391,0.20382697626493923,"[0.19400966090978072, 0.8220390148594404, -0.767696849622064]"

5.081138205875782,0.12305752164320022,0.22663360751770043,"[0.27172379423171816, 1.5283377773933569, -0.5521009215223939]"

4.9571297367895655,0.24036106066589916,0.2861413680653981,"[-0.21172288018205263, 1.456407950082127, -0.3690008259543005]"

4.964841767291438,0.3003549327993276,0.19291054341887343,"[-0.11416628749623661, 0.950230987089134, -0.5197317206931078]"

4.790774000124393,0.42274656864109555,0.17587059975810493,"[-0.7445360179410674, 0.9921582906063324, -0.3460669517202687]"

4.7557660643288,0.46395417988351845,0.45580383134196945,"[-0.7948196717479422, 0.9065145409404802, 0.07250933566618463]"

4.692703830974373,0.47809842427017324,0.4724259069115313,"[-0.7918602267733174, 0.6303770774016969, 0.1512927860700369]"

4.843036938371774,0.48813393923552517,0.5419859604386462,"[0.12367249643565409, 0.48446611627089325, 0.15728864740041287]"

4.866942690439099,0.48649643864995634,0.4106402283211572,"[0.13493473056593724, 0.2564272917624818, -0.22170012330603667]"

4.886994571873058,0.5521587994658371,0.4333218728564675,"[0.16963643461764047, 0.44869868983521866, -0.22223309637308697]"

4.842053312995421,0.5730700803170033,0.4421392583695649,"[-0.11099256587709908, 0.25014689500555787, -0.2971200920213705]"

5.005062958262937,0.5778661692365645,0.3619982942305348,"[0.3743761704450722, 0.18800340953156716, -0.3821714982357393]"

5.038334238416736,0.6010847716447434,0.32050050791383894,"[0.3596709551776315, 0.18566609315976176, -0.367047155197166]"

4.877609016282484,0.6224513857460003,0.2556378882125521,"[-0.7928637651259955, 0.19151586283825164, -0.3893813292715112]"

4.805464874064222,0.7126315991723579,0.27147241641473635,"[-0.7375977298331795, 0.6141038797099968, -0.2948881249736735]"

4.723104741591678,0.5651637370860603,0.19097948818467883,"[-0.7688463631021333, -0.26787780680502205, -0.3495765904228365]"

4.661712969543245,0.4855658952196831,0.3816405724952473,"[-0.7657216798193175, -0.5102868409171659, 0.18152617925966646]"

4.8303475633252955,0.4170749476943491,0.42976081047578923,"[0.05818267838247715, -0.4879575269104321, 0.27343753800337245]"

4.899903076279492,0.3700473019735297,0.44915315605157763,"[0.5652996939945018, -0.4283657836233929, 0.28255910454147387]"

4.996256969039921,0.35797743503364077,0.24223060288972628,"[0.5958601659688308, -0.5108624603450718, -0.05981573277448774]"

5.039920616836405,0.7373593301390057,0.32673476498168097,"[0.5617191739729716, 0.478652731866475, 0.0872814888039382]"

4.9393895694465275,0.7733870925919097,0.41619958921434763,"[-0.1204348887114692, 0.4624602799434628, 0.00859910672781657]"

4.929094440380948,0.821086717852566,0.4049122471886744,"[-0.12094281557527832, 0.4868531992553933, 0.027820275331977434]"

4.956371654960701,0.8478999576494639,0.32177606144375703,"[0.092766048088927, 0.4298705868187477, 0.11211650511183228]"

4.927619427677964,0.8963592088781214,0.3180096044165926,"[-0.04838111736611631, 0.4586198207608085, 0.07625447212507208]"

4.929737310548628,0.9007863031705474,0.319674642600781,"[-0.03233412082947595, 0.22260532105682979, 0.05818182745925077]"

5.13723109221718,0.8951782920415825,0.23866859747911065,"[0.4672674817731082, 0.15520934411866363, -0.00550020141545406]"

5.1752638980883585,0.9085069470794082,0.2483448513621527,"[0.4797777831186574, 0.13895031879524591, -0.02623875906322919]"

5.135349091720237,0.9142443620764211,0.24775761496957285,"[-0.010791146924005632, 0.11756027879723943, 0.0371881425244924]"

5.2046219602990655,0.7865777882110006,0.30746927021990383,"[0.1014588157816401, -0.2822229482059905, 0.028170603414212042]"

5.154358561675725,0.8855426692093372,0.3165397158526915,"[-0.20178922499510035, 0.35304631821017135, 0.08302087650548874]"

5.102828457435893,0.910561423326973,0.32516721713345925,"[-0.36113632493091163, 0.2674496325795765, 0.03860563446479579]"

5.102065506535181,0.8746392713956064,0.35146918546320666,"[-0.22126816891433182, -0.0989361152371744, 0.12888628185040232]"

5.111721988037623,0.8891034432789294,0.36557009328063855,"[-0.08689554191469159, 0.14657668517981579, 0.19482549063941215]"

5.35675320846733,0.8776165084371361,0.2974333525290959,"[0.572335965210839, 0.08549926712845687, 0.05533671270961703]"

5.387779954908948,0.7174900151021779,0.22184873193304402,"[0.030945474260859234, -0.7180209398435284, -0.14196650032795974]"

5.494293018717172,0.6073879690771821,0.21542205967886285,"[0.6463219121367256, -0.8558233327652754, -0.10272468962690888]"

5.616358325357619,0.486131075236949,0.18783723119554735,"[0.7846067753775352, -0.8313488173400126, -0.18593219335718583]"

5.581843821410341,0.8067280031420562,0.22216543922817267,"[0.34515505636398924, 0.4828785496893478, -0.02262643816069474]"

5.461760887216732,0.8048589783806883,0.25387625627673555,"[-0.42487127797672886, 0.14686509585222499, 0.002941142547825874]"

5.604164234034238,0.7028936124388832,0.21730500991858953,"[0.4078735394928213, -0.29416768492623385, -0.2146780603672362]"

5.633278510004309,0.8487927312039492,0.20614639074850383,"[0.4299375942232738, 0.40759450325009206, -0.1743778175492898]"

5.6715308165346405,0.8727300089238471,0.19390503857787178,"[0.3879266612733842, 0.3462202190546764, -0.16731867927479446]"

5.649926335965056,0.9435849621253116,0.18814247942529638,"[-0.016805905158425793, 0.5162763612194866, -0.15516429843662152]"

5.652956546865658,0.966352007938987,0.20817604027423708,"[-0.016132963503494722, 0.37482654065465576, -0.07909961326455743]"

5.651899891456179,1.0143433423056505,0.2316845403128546,"[-0.03253468170117024, 0.5529422056158043, -0.029227557102952165]"

5.738770145444504,1.1072704037271455,0.22300232373069617,"[0.286104988619524, 0.5957784612224094, -0.049822737007292034]"

5.800363053718304,0.9258182699716021,0.26203411204178584,"[-0.05536380845372556, -0.38932709837433255, -0.10254691070165094]"

5.9049498468767485,0.859858942871042,0.20599182401391875,"[0.5561778874016752, -0.42271097189626455, -0.30398066694022985]"

5.9307654900410745,1.026139157417547,0.19839907976873186,"[0.4760238678031692, 0.383889734965114, -0.18761478609731846]"

5.8408869165064665,0.990654999228206,0.17769011771312276,"[-0.3800709297391631, 0.03855996618033648, -0.2081666401772834]"

5.736172326493303,1.1447996428539582,0.21114493829359557,"[-0.7462596587053558, 0.9501958665897519, -0.03369984998978293]"

5.886673312447153,1.2881200835857929,0.21022505194352278,"[0.4882312811498186, 1.2565277731620506, -0.000754316335015518]"

5.874883903124157,1.2334887775850494,0.22323539072481527,"[0.0074601619340578145, 0.19434775332950002, 0.04108663020595018]"

5.814432387217869,1.168799217287795,0.21377551311873466,"[-0.48972344528077155, -0.36599788075972994, 0.011506190279653354]"

5.684162944180876,1.243124014297408,0.2343673262778937,"[-0.7489342437537445, 0.032533426055988086, 0.11358182797185173]"

5.9024803678884865,1.3215129023264987,0.2482317159208988,"[0.5442503572914577, 0.5747442439653616, 0.10525248680085338]"

5.9349792885141,1.4902295920688,0.3111736553570256,"[0.38092807631735937, 1.1481796743283432, 0.24641972985260396]"

5.9613661028279825,1.5881566947351282,0.370447988273497,"[0.35473066869839726, 1.0831654540911975, 0.3351632905130145]"

5.997262119990475,1.4978086654737452,0.28522546025109025,"[0.0447310836006633, -0.006563039485406847, 0.1988510792017504]"

5.945149746551523,1.5254784944759952,0.3247675808501275,"[-0.2557115864992429, 0.07954486745735438, 0.2392504007094962]"

5.901120932047251,1.6194912461130142,0.29841032475431484,"[-0.35042995354490025, 0.41095683934403504, 0.17288433707355924]"

5.70650973611325,1.5401992045665311,0.33122873212786036,"[-1.2761864457597478, -0.22738420579412502, 0.24634408240161926]"

5.648632636300068,1.4615738775337659,0.3789412644519804,"[-1.0603717447378105, -0.6012268940277132, 0.3631115507790615]"

5.68591355800027,1.5119381153199107,0.5010939303763489,"[-0.2945443537456216, 0.10528697005452697, 0.6005603195692162]"

5.968848282840334,1.516312266259757,0.354838701088201,"[0.9134690006990679, 0.1420108700240619, 0.1465656795115264]"

6.178644223797818,1.5471451375830605,0.38538405689675226,"[1.8523047620859114, 0.3594061308572788, 0.08689984372922792]"

6.323291550078204,1.8604608239398974,0.3210942794246309,"[1.5605254478134651, 1.2760193309317414, 0.027105094013837577]"

6.375453587596558,1.849144684667977,0.2613130815836724,"[0.9740308366840438, 0.683567983057281, -0.1274113242092013]"

6.2261127102905816,1.7863877925909601,0.18488967707365092,"[-0.10823448857337964, 0.24919248064767224, -0.30453199133686065]"

6.210569897562592,1.8153901984941394,0.2047240438318704,"[-0.15505234038609197, 0.33104053277624107, -0.2062865966913546]"

6.112572892171777,1.6369488343946286,0.2958745303581129,"[-0.8765926184645891, -0.46840090696615305, -0.19008200476483367]"

5.978585515548731,1.6809577363165094,0.3428635727667251,"[-1.2257977285766957, 0.07689282398444854, 0.1134671185913145]"

6.078234687556604,1.777757483979172,0.33109548635177727,"[-0.15021772520765844, 0.5496462993868416, -0.018374935136847122]"

6.037203233008648,1.745201489334494,0.28620774947727085,"[-0.28790279213826186, 0.053431067713704594, -0.09081350443278778]"

6.112388867197521,1.7212491858403116,0.24102527168868199,"[0.23906230490843627, 0.020513056174113885, -0.15571041043641248]"

6.113255570199016,1.8500877404879468,0.25675119366076105,"[0.1856204508487474, 0.5466169924597544, -0.034017810279721866]"

6.073014610481851,1.8271644784734977,0.2739938771945758,"[-0.2047127455712442, 0.30483434847824015, 0.035553109722262284]"

6.072936643139997,1.8527977115172667,0.2745731819972295,"[-0.14075874023611049, 0.3037862095044884, 0.09512044002699473]"

6.109387960237138,1.8664753380512953,0.30109043723976897,"[-0.06315784480907248, 0.2738362470350507, 0.15816073159236435]"

6.105850573502774,1.9655638599036893,0.3444200425969922,"[0.020996689498250686, 0.6632995299454038, 0.22497090347316256]"

6.112738608749495,2.034116912456012,0.40636070096655713,"[0.027725328433347643, 0.6222706157057125, 0.2322710217683873]"

6.179889306062836,2.072922496754204,0.4754003888175594,"[0.24767598580123928, 0.5749792782579403, 0.23118825058119538]"

6.020501329507836,2.106373917749567,0.5805694781536974,"[-0.41185998441388666, 0.48806024808787524, 0.30244265987709834]"

6.011798652813767,2.2580875293169584,0.7113934149770983,"[0.28633448442318105, 0.9178165965278867, 0.35947146275476893]"

6.264925154128191,1.9121085476076232,0.8744676501706992,"[0.7154912105147291, -0.44863587121617865, 0.03281296709104307]"

6.3325328232347955,1.8949280698961763,0.9471629676700756,"[0.7565771557695472, -0.37629291204787235, -0.01773824124721348]"

6.4076357408570885,1.8575747142471573,0.9454021509959342,"[0.7565771557695472, -0.37629291204787235, -0.01773824124721348]"

6.40006795296852,1.7128852878532659,0.7681038654706832,"[0.47149458964219176, -0.7606761059125167, -0.20236007364940958]"

6.0613766604742825,1.7439452132933186,0.9660674026519023,"[-0.4639699749535369, -0.593868755004226, 0.2573085502312037]"

6.116672388524275,1.7394919976205192,1.0604512930100802,"[0.49580775349711603, -0.28076183293046697, 0.4142020135318369]"

6.149351196288049,1.8150789557475424,1.0855060354785941,"[0.4273203334974596, 0.0483083296493092, 0.40588090542713884]"

6.230291533920436,1.6410417786007556,0.9101195500847277,"[0.5400003370365195, -0.4429961016878085, 0.17482502670674122]"

6.142215136586491,1.9733288265174367,0.8597318339686194,"[0.011765607587594864, 0.3508006483715201, -0.06512224316913057]"

6.130911440540227,1.9810923220947834,0.9636227581003434,"[-0.06105368260481599, 0.411776043783422, 0.04899352353532572]"

6.1616982051636535,1.8639439403895097,1.068043454350679,"[0.009970029581193106, -0.003932663215322753, 0.21992077649250708]"

5.927195448975373,2.649602824475939,0.4650765507901018,"[-0.8563378605392642, 1.1390963592951067, -0.07812682139481565]"

5.891620379094482,2.7484959940812805,0.5221372019514386,"[-0.6749087998379734, 1.1586150408542595, 0.057971678024935226]"

5.801062859655512,2.9408833130968093,0.6011825446261222,"[-0.7351624110533482, 1.554581221246069, 0.22172054934307248]"

5.646858097842884,3.106220094509277,0.6384464948868698,"[-1.1295188579198543, 1.4847091539566102, 0.19570526534876478]"

5.432234897902764,3.4282571554946846,0.4875366023428202,"[-1.5082087103459232, 2.661851246822705, -0.11515239150377682]"

5.168833103907376,3.668915461712223,0.6596407437087793,"[-2.2934513923259146, 2.479163212543391, 0.22667901511313923]"

4.98410557737967,4.163026857228282,0.5737519529879976,"[-1.9722087470320302, 2.566857786950947, 0.07074428802735672]"

4.927687969377168,4.1655326841632965,0.6909502225184727,"[-1.628350552278489, 1.5892472926824164, -0.010728507661213745]"

4.787608135962546,4.3022486362057375,0.6900272962088605,"[-1.628350552278489, 1.5892472926824164, -0.010728507661213745]"

4.714386551172628,4.454940705683959,0.692972223822855,"[-1.4777441913402096, 1.6760256786469505, 0.032328350550135936]"

4.7169524061898365,4.442787937756229,0.7508898756446878,"[-1.0854196041608597, 1.123016115268229, 0.03108246213475548]"

4.672770768703852,4.366248782359671,0.8382730965234352,"[-1.271017272895389, 0.48095289218748066, 0.03638353557968664]"

4.557576099360953,4.448463059308963,0.734111206547178,"[-1.3082148391115564, 0.7533265168308835, -0.08304237126265589]"

4.396749530722738,4.54107393264867,0.7239023178979535,"[-1.3082148391115564, 0.7533265168308835, -0.08304237126265589]"

4.305136608179139,4.599550851283299,0.7299416737003666,"[-1.2878121135072567, 0.7618745388688732, -0.089622816870066]"

4.175564680121673,4.676206096177892,0.720924363598996,"[-1.2878121135072567, 0.7618745388688732, -0.089622816870066]"

4.083712334107647,4.720374031549269,0.717630509134259,"[-1.233663463288309, 0.6907487765223876, -0.0966373798914281]"

4.005685006698543,4.736489604124707,0.590418303140825,"[-1.1956272024773242, 0.5322372010631379, -0.28387538615070085]"

3.9428492715889334,4.703549827477652,0.580760751450007,"[-0.9491312912194632, 0.2776529349951339, -0.22364671702147465]"

5.0901065817439575,3.6159357666564302,0.8037720207706719,"[1.1275992840092497, -1.5386945464853419, 0.2764408505369744]"

5.0633390654484485,3.3527820986616734,0.8778673102413778,"[0.46334409390377224, -1.9902626170721545, 0.3848284915675925]"

4.951628093797695,3.451257912155406,0.7171546520515832,"[0.05721459846694709, -1.1330055017962704, 0.1774371153173228]"

5.0073747586767565,3.351951637975117,0.791285433504559,"[0.246557439351349, -1.0078962221645789, 0.28284050783865355]"

4.913234352957468,3.362882497685609,1.2416923650595881,"[-0.2998779189903407, -0.019429163210249692, 1.2727422921688178]"

4.8379677036937725,3.644494569999759,0.6352390046403282,"[-0.38469429763622853, 0.6570439135257248, -0.10842997381155048]"

4.820166717075951,3.485798609191324,0.8365086005889598,"[-0.37926163427820664, -0.3118402114246728, 0.13197895889992453]"

4.87184966956694,3.485086906620021,0.9129592228718354,"[-0.030933468400878194, -0.23386948309809827, -0.18239998667360843]"

4.788701701715814,3.4722448462322912,0.7763673646891867,"[-0.182445648953643, -0.2595524328077388, -0.11616479141050533]"

4.831452196518561,3.3970648392677147,0.8407376100924374,"[0.027435090930548703, -0.44512811319081563, -0.47410897043693156]"

4.862210993381244,3.198445544892518,0.7459506011584975,"[-0.005529984215259609, -1.0318131480544357, -0.4065212349027605]"

5.032402301858934,3.1040091745340304,0.6426724032142089,"[0.6574688222452385, -0.9733541709823341, -0.4255359873589078]"

5.092877158585846,2.987475870260468,0.6218823531010179,"[0.6424481977789023, -1.0794524174003184, -0.14354987056757995]"

5.051583807017499,3.221461017497675,0.7967599216939605,"[0.4032815090614601, 0.35306157782455283, 0.20610021255721628]"

4.778461377749217,3.2689367687563924,0.6867274708228377,"[-0.8594984081870511, 0.22378078694961326, 0.01203882652420985]"

4.707924739723433,3.289494378658444,0.6736225649105323,"[-0.7367754445174938, 0.1902155558660914, -0.08189827579107264]"

4.675288037812918,3.188358436704967,0.6482477123519558,"[-0.6608514342981481, -0.2913030568847376, -0.08977678522926316]"

4.660755811197331,3.1632764159629607,0.6621412238521253,"[-0.48118528875650046, -0.24007412781742588, -0.09924746508685646]"

4.8865666364809,3.1573686874824567,0.47058554871561636,"[0.21910963736657296, -0.08772630716215254, -0.07547995776884707]"

4.906071360090859,3.149559458298903,0.46386646628699,"[0.21910963736657296, -0.08772630716215254, -0.07547995776884707]"

4.946688853476397,3.2093142615997348,0.4465908091119343,"[0.4094315437142501, 0.13827832431313067, -0.03531776905184198]"

4.996209307586228,3.217760610360326,0.6109036287918864,"[0.4209288064465698, 0.19198968375771044, 0.015724677805114724]"

5.198996036844502,2.9607550271332044,0.6682193067063695,"[0.6256222586942546, -0.3667787399999781, -0.12168799226829316]"

5.194039348397125,2.9985079788557565,0.7253504207435845,"[0.365159987357156, 0.07649637876252856, -0.32970151142653964]"

5.103124234178853,2.991312253693139,0.7079034529863367,"[-0.04261303811652849, -0.03025461140128589, -0.3730302914386222]"

5.01946916145554,3.128473157117107,0.5979176917353803,"[-0.2496235565834624, 0.43712517935210954, -0.12287659429118643]"

5.005765947177057,3.1912149592624846,0.5924832689201058,"[-0.23116720787934925, 0.66436889286062, -0.1384440875922877]"

4.92042836414864,3.2607284590996746,0.5370579463887534,"[-0.4912936500199839, 0.6455396987141163, -0.004364506387137453]"

4.895401260659477,3.2856401441375906,0.5543830723496076,"[-0.4185917005318401, 0.43861652055094447, 0.04340049546998899]"

4.775132351224809,3.3540550874786623,0.5469787069748007,"[-0.7393399127293526, 0.4858073839606436, -0.03856847036118347]"

4.830961281250106,3.347401493242191,0.5944840237370559,"[-0.1946285110945851, 0.340884776257473, -0.032964764797067114]"

4.780047638478552,3.410117906124504,0.6099519483612759,"[-0.22755460481632606, 0.4482743189597267, -0.018556645466537822]"

4.749750578122785,3.4679512549670855,0.6864064517064747,"[-0.2711795946508618, 0.4953874046220568, -0.03193404449829502]"

4.6753942008018035,3.5204684285950987,0.6767438157176692,"[-0.5164352530886656, 0.49164816982398446, -0.14014396893996803]"

4.610406886094285,3.572700485209422,0.6764543634001741,"[-0.6118939207323509, 0.5587024376047092, -0.13478055296367403]"

4.5980077769780605,3.628082072827027,0.6742682875707529,"[-0.40181385457694796, 0.5657884583123016, -0.07676709464579383]"

4.650567672757434,3.6129645855619366,0.6456018393170202,"[0.10486057554942799, 0.07410617249234416, -0.22081786710242685]"

4.584903148532626,3.5354286656228315,0.6470913031804053,"[-0.36346750159338725, -0.3035261409361591, -0.09993938902904871]"

4.392566860724029,3.744216404868588,0.616384316180968,"[-1.0654750087017386, 0.8024057964462418, -0.09635381438570845]"

4.542276335786404,3.82403260079251,0.5632514959563746,"[0.21850927146873889, 0.8275556235195045, -0.2509364984199645]"

4.3731509884659125,3.7404345773278522,0.5616242233157805,"[-0.6629684995604503, -0.0763397850820227, -0.2702834682949566]"

4.317500583151872,3.7291635329990624,0.5409168969569006,"[-0.6310192155758655, -0.12657651537443865, -0.23596805025574197]"

4.248902619296008,3.71731683284549,0.5292020712896005,"[-0.6499401720919867, -0.12357915595788183, -0.20854486198788205]"

4.324848163216085,3.5717026142397876,0.5484577024913396,"[0.14662988963695694, -0.7901401568578809, -0.0864925371890645]"

4.383439298453742,3.761808139208453,0.561305906714205,"[0.4115457030925389, 0.5964514087060322, -0.07929408808530049]"

4.224602301500505,3.733785043319509,0.5659867443299579,"[-0.6595344943280493, 0.18050307830527595, -0.08153497738609858]"

4.230221741236378,3.679665397542915,0.6174920765878428,"[-0.3290237400108894, -0.20595090156489998, 0.03734009518556346]"

4.245874441194195,3.88615441807718,0.6291411324272972,"[-0.08853946079909736, 1.0078363556179695, 0.1635269835939258]"

4.0172796339816115,3.9165184737579772,0.6008747111255287,"[-1.2227470033760932, 0.6115898574230889, 0.0805015742718146]"

4.0826619234182076,3.8421555798856284,0.6328384727018836,"[-0.2772291795804631, -0.13452031169830808, 0.0627424123913189]"

4.043600702159641,3.748102524529946,0.618382750738872,"[-0.29098596103738494, -0.5385032357406027, -0.0023599909236837776]"

4.097123583102108,3.7159064490158755,0.6060285754838981,"[0.04280978650285265, -0.44183957518196476, -0.04180865308204883]"

4.088289320161508,3.6962919180149885,0.6395279736141691,"[-0.05098176145643124, -0.35873195069950503, 0.0062623395402885374]"

4.120872064724071,3.901295919505648,0.6220788180092488,"[0.2830673023107274, 0.8748599464192128, 0.08752806982270803]"

4.147258347056243,3.8924628191816124,0.6151553011919164,"[0.32151900100575487, 0.21583418678145336, 0.010034881519047611]"

4.138506968659675,3.9146317558069406,0.5911653679277071,"[0.198201775294334, 0.2319385451982208, 0.029233376022137755]"

4.164685466839301,3.9040124849218016,0.5822612320308496,"[0.5383087392487543, -0.018788394493338037, 0.03811209463167443]"

3.990267383367413,3.6734413179368057,0.5610848404874572,"[-0.33426571686609846, -0.9964082351751616, -0.009131598012027821]"

3.8566409021814083,3.8214066310338053,0.6485646068010911,"[-0.814879618464098, 0.30516868313158624, 0.29585615224595896]"

3.9691333718326702,3.848140535923133,0.6598190951832742,"[0.16341624598504698, 0.27301908613065745, 0.21357413871871445]"

3.847725299755865,3.643144844295794,0.6473608897882654,"[-0.4401326281623279, -0.9375076781884026, 0.15679025828000182]"

3.6810930921431204,3.766322072355271,0.667459942771802,"[-1.193000323878969, 0.10174498227301583, 0.24266770473408086]"

3.6166767462508687,3.7938562004039085,0.6940929002282287,"[-1.0165151394855332, 0.22291148117258425, 0.3035628912287032]"

3.623836964470494,3.7067097820886987,0.659643513573307,"[-0.5700583335619591, -0.32996786381417814, 0.12384936390013396]"

3.7514775656222263,3.723675149016825,0.6489890778647218,"[0.4510536327027881, -0.12871041772184805, -0.017374569389663985]"

3.662206613901502,3.7520394423549943,0.6772314383188157,"[-0.592426407926078, 0.1977402615180538, 0.14636325377268083]"

3.544360702365149,3.6623070938222115,0.6990085236459869,"[-0.8245017076828757, -0.24415389999643938, 0.1864298084174524]"

3.5860112955993775,3.482069918891777,0.7670012881256498,"[-0.3566182721490636, -0.9512769455782597, 0.19003806472693918]"

3.5395411062090236,3.4144769901502916,0.7644369772626293,"[-0.36421168919432617, -0.9215676991627652, 0.14777509371456113]"

3.5363632485959235,3.463531596208148,0.7827109807889592,"[-0.38360670650790873, -0.20640107030601823, 0.30384076429671497]"

3.6019570310715627,3.458442835996444,0.7736770922311771,"[0.04146004422332657, -0.11718832307745042, 0.20239107112667765]"

3.5180072640444098,3.2769567797087067,0.9259604346577394,"[-0.8053662270195362, -0.9583113670744844, 0.20334299768334282]"

3.6114046241424904,3.215653247003105,0.870328845730149,"[-0.017407553267907674, -0.9904624999063664, -0.24960710413436474]"

3.4912746615467403,3.3820336516604996,0.7588367908315287,"[-0.2661615474954098, -0.0588640540601345, -0.06076880037452283]"

3.559540441378566,3.405517537865278,0.7359355492055244,"[0.18316490893693504, -0.02569459071874374, 0.04779759894496886]"

3.436470182236036,3.3087169732997443,0.6312386489229842,"[-0.17035930632872517, -0.6324605389613953, -0.16164738326976566]"

3.4564179234206054,3.2345553428119427,0.5729572509832018,"[0.055050010989358404, -0.6703248402331392, -0.4060743836454964]"

3.473177115973241,3.181349581095339,0.5239474041611976,"[0.13156888950703927, -0.6765384943236437, -0.3930576353942118]"

3.4118592106303756,3.1140444668038776,0.3859904717320842,"[-0.3189312169631419, -0.5458506754927511, -0.781596366954811]"

3.3933317611920124,2.9979269863329683,0.2545748908276991,"[-0.31128260935590524, -0.7960047961112514, -0.9215477109882692]"

3.726424827989315,2.9628353576886846,0.28263475914589964,"[1.0611876757891907, -0.2751880023507004, -0.9912367495364897]"

3.9170994759746076,2.9364285515469577,1.1282855186488685,"[1.3663727729380621, -0.14985163133513077, 0.44019964495020203]"

4.043688778159777,2.924137501265205,1.2645274887052669,"[1.319440980915072, -0.11976681412609796, 0.46863368006883227]"

4.137977120378033,2.9788177011893873,1.3445269809730398,"[1.3704060543400969, 0.16648660469634224, 0.2547268132401704]"

3.7488988795219607,3.0080514238270233,1.4310132850745234,"[-0.1612812662283831, 0.022426668061443947, -0.24370031669811962]"

3.7026900093043515,3.080784262789491,1.5075749185517995,"[-0.29840662584647387, 0.3722819172087469, -0.21311214630250958]"

3.6164756112966696,3.0860537517176527,1.4904677691924966,"[-0.5718131680060398, 0.2837632279974645, -0.12956566691625948]"

3.5834338508879378,2.986831913161716,1.414762685532061,"[-0.3774838218751051, -0.4095161477608348, -0.22467055799759805]"

3.079090855191051,2.985905828677373,1.1836942317167516,"[-1.5158860779243353, -0.4746457250304708, -1.0286014587399728]"

3.043182512947061,3.0646679115555484,1.0103877707080189,"[-0.6697152828018577, 0.18667715093837703, -1.0795236265617933]"

3.127833201596164,2.9201725366966604,0.9239257628286223,"[-0.08375907731564027, -0.4894618285582788, -1.1296679589177991]"

3.0910404992891607,2.8898495940520625,0.8042595629940467,"[-0.24799228781848168, -0.48708143112363966, -1.226085401943602]"

3.0893743700010674,2.8116248814669262,0.7974338399106257,"[-0.08171946386669923, -0.5582171259006058, -0.9444526986866891]"

3.0824084346778915,2.8779710812799757,0.7709675326649756,"[-0.03165462580268756, -0.08045098767671473, -0.7711082288043516]"

3.1320447415343193,2.8200569726903764,0.7028190882458372,"[0.23934714334334187, -0.2850254798732689, -0.685035456576174]"

3.101863293562125,2.7299176825309677,0.8599564892911853,"[-0.08797760980722938, -0.5780666515456723, -0.42181481552914546]"

3.1056547128479033,2.7103761448820567,1.0551490801605985,"[-0.12907095510237196, -0.4533032984072872, -0.2145280876814514]"

2.8874099571252834,3.0755147432755616,0.8368854527798708,"[-0.8541073942225094, 1.0917917691902235, -0.53675273838577]"

2.8035095360095887,3.1452611608094965,0.8088105522594987,"[-0.9424984596763605, 1.0420445802497422, -0.4513743004392621]"

2.9168200133573574,3.371023958477756,0.8949011004571894,"[-0.10425168917549212, 1.3656080810984559, -0.21840098246715192]"

2.805035297714623,3.2640138492928794,0.6329399863132696,"[-0.4752060636948426, 0.07753218121127663, -0.6499840629022553]"

2.7799795034100905,3.269279279739987,0.5758676496092577,"[-0.37058957833604556, 0.10274895058159508, -0.6088788335544748]"

2.7396407596419783,2.96043222370092,0.50494646807886,"[-0.5205435894401482, -1.1051634195808255, -0.46990159770133916]"

2.667066858029474,2.889884968894155,0.4676967263985556,"[-0.6864137167373416, -0.9864465763531756, -0.4930518215615271]"

2.780146135229047,2.720363587804542,0.4759609076563714,"[2.097558439374107e-05, -1.187689773902675, -0.31181271320098125]"

2.7905696387291266,2.7369896162374903,0.31921729014295375,"[0.14469470173154483, -0.654288160977441, -0.3587678512387896]"

2.556647320528662,2.97404825233986,0.6323533929507051,"[-0.7356107488657045, 0.33837900172372454, 0.07816524815429172]"

2.6171690988141094,3.0595701394952277,0.6454927650506409,"[-0.0010168036057196111, 0.6101010567463324, 0.17607429648117823]"

2.597151268985525,2.9711300491296493,0.669595967786529,"[-0.15098419236762017, -0.1610771284344845, 0.1964066616736228]"

2.6214502505286523,2.9370920953962054,0.6948163072300043,"[0.05070393858236553, -0.2023181260311641, 0.19340190816040242]"

2.5908641642347203,3.1173278953880788,0.6959502014744992,"[-0.06511832047781015, 0.7699157605844986, 0.23737982315741896]"

2.4429681173722284,3.1132008394829507,0.7187495379897033,"[-0.8607467859276366, 0.36696609480793896, 0.25118190934053536]"

2.5419996247765853,3.0745424501057794,0.6897810314030663,"[0.19662023017610564, -0.02553431184469319, 0.012590652728723206]"

2.5264726758684675,3.199620004591777,0.699765088449343,"[0.03526313883942339, 0.4730945186291912, 0.0949664343159063]"

2.5072801204353805,3.2466794271238464,0.6786134686325367,"[-0.044610014562788826, 0.5021298331070514, 0.0031981349094098808]"

2.4505633292100986,3.2406082248768358,0.6661266757139903,"[-0.205470600136896, 0.19661283153323245, 0.019268968130106257]"

2.425471480030212,3.274646463598952,0.6405035002970216,"[-0.206264311114538, 0.24523033789390444, -0.07272766454596194]"

2.2905731853540003,3.1942571794134933,0.6395593922405713,"[-0.7400015702033396, -0.37536614969707566, -0.025233089180545]"

2.3285235604681764,3.146669911377783,0.685802965329608,"[-0.06615190754498951, -0.4945373007995632, 0.0506253537331506]"

2.289391543153891,3.2163937525726065,0.70844904819104,"[-0.22804362198031916, 0.07580654864869144, 0.14576727879465362]"

2.2636726502511846,3.2260150021987415,0.7255643383371918,"[-0.1843829808116848, 0.060088833108152946, 0.16825559360619033]"

2.236632370969615,3.2767842867484336,0.7008193415331164,"[-0.1856465385456793, 0.2761974318710702, 0.09416488259828724]"

2.3005166946531808,3.254550469979224,0.696193996149553,"[0.23741455515081747, 0.030807089375945982, 0.057875819737049826]"

2.3635329976583375,3.3252689886991758,0.6686594343855691,"[0.46947889983706054, 0.25332777790568384, -0.11152358721653678]"

2.3656229963353788,3.2649403520871414,0.6525754086959865,"[0.33955488052858424, -0.21801066006235237, -0.16966147799035597]"

2.257209758746551,3.349424376195621,0.6717389605467977,"[-0.3656510458351213, 0.21423722361212413, 0.02837347961141518]"

2.2126725521394577,3.3832103407456326,0.7136453595675833,"[-0.4154493800648578, 0.2592344768817974, 0.06527321453606968]"

2.157202858747768,3.490417498618897,0.7375016933895023,"[-0.3788746514593278, 0.5600669340709379, 0.10646107375361745]"

2.1096898399239743,3.5707252649164283,0.8100199880516133,"[-0.38215790977235703, 0.614563101814205, 0.2864934894577516]"

2.325512625932194,3.843762125302689,0.8048511908233522,"[0.9789482802912961, 1.411557886868279, 0.22371917282056525]"

2.3314038999383073,3.6170720242636527,0.7588581803050529,"[0.8017349034671273, -0.20613470054429114, -0.042316269832502994]"

2.2390055168165692,3.7889097012006583,0.8056868032922039,"[-0.027981675409269872, 0.5841923932430418, 0.17815989519219885]"

2.3406207238891517,3.906941607710094,0.803665958237122,"[0.5486988962227751, 0.8605294839418047, 0.2084363839783416]"

2.3951620679716865,3.9213498442530956,0.8244890255248373,"[0.6174584347587911, 0.5195805934099, 0.10226130638573545]"

2.168514243199274,3.8418163317546767,0.7611119163977618,"[-0.6222815280810475, -0.23418663100815465, -0.073028356376442]"

2.1662978415476046,3.81643881414951,0.7076067103236509,"[-0.37564243396454816, -0.34771161817549695, -0.1663986960829554]"

2.0790363403635146,3.648260684219014,0.610219863088421,"[-0.6492263938103086, -1.0300823863663253, -0.3484646774423716]"

1.801763377455236,3.680199222887761,0.6561539277721191,"[-1.7050289437168966, -0.2999640837043747, -0.14273130857384853]"

1.848733820095194,3.7556188418059864,0.7555282908892192,"[-0.4813880723029637, 0.14808466516298574, 0.045376764090764625]"

1.7917510882269805,3.897220771043233,0.7942846549173777,"[-0.6494252062792791, 0.7976661889824791, 0.15818684708182673]"

1.5400452951465287,3.853606549343898,0.8110383043461311,"[-1.3744264225252907, 0.21247404114037613, 0.06236442397767974]"

1.3559722804137968,3.8052348641682827,0.7803327323153029,"[-1.4271498210086726, -0.2772338261347364, -0.018309573648555875]"

1.6476819963251097,3.6578125644819095,0.7663837423158772,"[0.16897447083465875, -0.7174176738836799, -0.06663758984460892]"

1.5547665824395966,3.7968036583412603,0.8346992569687214,"[-0.2959080185507691, 0.3554030327180224, 0.11961841205553086]"

1.7475306305783784,3.9644896461467725,0.7534884663263747,"[0.947066508242913, 0.7560875356273337, 0.006868215037857901]"

1.7651934392294528,3.7768377897832615,0.760828133688162,"[0.6727550343096077, -0.46237780075071944, -0.25649546050915506]"

1.6510961209470993,3.887644420126224,0.7489907387274393,"[-0.30496221281488345, 0.30610056126546087, -0.05957956995717655]"

1.5834188326382874,3.9771551975765984,0.8037646991267173,"[-0.5834744207509319, 0.7410882223933193, 0.12156372084370357]"

1.780703737796251,4.246044565122546,0.8336751345315465,"[0.5478529787063104, 1.3018908212920943, 0.2722838591552275]"

1.810801684749141,4.307397114425786,0.8474572980504655,"[0.4814048493394453, 0.9996957587375003, 0.1805550380467577]"

1.6084656042520566,3.8543604114260908,0.7725007288102876,"[-0.24375277095349088, -0.897252942231854, -0.18942439013351953]"

1.273600480552553,3.9762027183231896,0.660266468533149,"[-1.3959044868417954, -0.05332203063406076, -0.20726151365561418]"

1.42714155347763,4.122824140230515,0.7410991829240884,"[0.039631117215876505, 0.5667189945436949, -0.14478862167565]"

1.6261643228750424,4.227867222207194,0.8370695599821733,"[1.002345822878404, 0.6499640679524823, 0.13806887850051472]"

1.6142289454373018,3.8967772494351416,0.7858516778363499,"[0.7995179892598278, -0.7813193656659787, -0.1572360386194831]"

1.6871841791136921,4.231251688416192,0.7980266605304258,"[0.4692615586531582, 0.5318299820635503, 0.16165580779719052]"

1.351185215001108,3.862100840735123,0.7279403770607261,"[-0.7661526774315912, -0.7540865347300167, -0.031672671442161814]"

1.4408035310481686,3.7863263554799316,0.6676111399005814,"[0.12426488287755631, -0.9141433180884667, -0.19061677829781293]"

1.4350636127717908,3.9256125899471868,0.7428175494265112,"[-0.1036544721570605, 0.27324892576403986, 0.13271030210120174]"

1.2751524836439845,3.8824738488241843,0.6948247447401742,"[-1.0561945184081292, 0.06503985003199489, 0.08928060356276213]"

1.1193604593046707,3.6444242672318996,0.6112242136421454,"[-1.2246444782564088, -1.1260191903372312, -0.1305606717266312]"

0.8503587502903649,3.6530718021664623,0.6369777920496748,"[-2.1210740899208775, -0.43798807949603386, 0.00037467965494965624]"

0.5415618202004324,3.49933070360257,0.6717273864519516,"[-2.302121114691189, -0.9200938524182674, 0.01641315045953008]"

0.3886056521586533,3.4177937800259333,0.6602718272170063,"[-2.0622205817035413, -0.9571275799827216, 0.012865216829664593]"

0.22577828315757506,3.3422215706174585,0.6612876300009508,"[-2.0622205817035413, -0.9571275799827216, 0.012865216829664593]"

0.19855613896411797,3.2553198494975235,0.6654814679563568,"[-1.612402488967545, -0.9817950948744404, 0.06993561702091754]"

0.33567786425486446,3.1568907543024447,0.6459217344200838,"[-1.1473008401716756, -1.02957864537957, -0.03986365665860836]"

0.5673051438467718,3.434162457172877,0.4987802741271468,"[-0.5521624273724725, -0.024896496410236224, -0.10173280277491542]"

0.7687299264469081,3.4699175219392933,0.4641486937827637,"[0.583054481194909, -0.14708307832385892, -0.10547452977341784]"

0.8197907122129974,3.337275465280607,0.4802638212328759,"[0.5378374430303345, -0.6223788568916495, -0.07440604415813042]"

0.6592400665618842,3.3553176597726577,0.5446319562336892,"[-0.5138726986877672, -0.19759016910627952, 0.08734570544038864]"

0.9952589453809737,3.2366859958758947,0.47015834849850874,"[0.9054003296633656, -0.5614830882740223, 0.019414369733629283]"

1.0627697218026926,3.1196457344096444,0.4560976235335432,"[0.787783041845245, -0.853355987180213, -0.06950359769352342]"

1.110819249484663,3.0508916285685874,0.4559394384495176,"[0.6861091346536946, -0.8117899270850321, -0.05007608396449014]"

1.0126366886775282,3.0097957352568994,0.48610096965802463,"[0.2733599348543622, -0.7364980615815458, -0.07555447394827962]"

1.0351586770121495,2.9491160282608866,0.4798760743316557,"[0.2733599348543622, -0.7364980615815458, -0.07555447394827962]"

1.0789810551825456,2.9384178495866107,0.5195460369790884,"[0.3271391512057651, -0.4496360142017748, 0.016679182112290778]"

1.0990797676118584,2.884872469544025,0.5638209080572603,"[0.24979660535033368, -0.445663934559773, 0.09652268986140251]"

1.0476743675025204,2.8107443721195837,0.3802068629933946,"[-0.04704049766254786, -0.9314134997954086, -0.14551262065780285]"

0.686752749762772,3.0851079056741098,0.7598688285996305,"[-1.2839030850624638, -0.13562303348063298, 0.312619870068539]"

0.7377288701922381,3.1731509455621065,0.7485320671439285,"[-0.26335171370696286, 0.30323554812837217, 0.0891249757444159]"

0.6946294758008317,3.0656500414409753,0.6936137526463977,"[-0.313531862845818, -0.4272077986803623, 0.021291027668446132]"

0.5520756138886433,3.07283505490168,0.7491002255305896,"[-0.909803379334262, -0.1604403412427411, 0.18165101219442495]"

0.6133945069929787,3.2033458718868495,0.7665029654356064,"[0.08637247722491163, 0.48585546589463385, 0.10418742071457428]"

0.6082739451036754,3.0264499686978756,0.7591595290624694,"[0.09096117231297138, -0.5650453214336798, 0.008956703252557268]"

0.6159651488370039,2.978672674549145,0.7599168613147117,"[0.09096117231297138, -0.5650453214336798, 0.008956703252557268]"

0.7341778252161797,2.925291636246168,0.7641777276535505,"[0.5050310219857245, -0.5798405150312992, -0.04340202975536241]"

0.7804898624341057,2.904871781159491,0.7779415393122284,"[0.5344518416810896, -0.4066495116770963, -0.009440935714389458]"

0.8268956026168888,2.868738797094442,0.7836968818595633,"[0.5146939497117652, -0.39646198880526184, 0.00023821742126163548]"

0.6651712637824827,2.8052938888243557,0.7540299822499618,"[-0.3314714426464584, -0.41934939310815406, -0.0019426652053029538]"

0.6007594746655682,2.7739525215243943,0.6978173391652276,"[-0.34943960342133235, -0.44273022622162117, -0.06936779401995315]"

0.25729121118113085,2.9353972755533024,0.8478869548654264,"[-1.6136319633960126, 0.1758826159866943, 0.13971635404590943]"

0.27308684167733427,3.172043547090647,0.8431330326386485,"[-0.4695876859126782, 1.0003420445075526, 0.1403571613590062]"

0.19466314718560243,3.037061113853064,0.7649309587825764,"[-0.4790654877637379, -0.01653632521481614, -0.172302487055444]"

0.14615992016774496,3.036309013400763,0.7360683343694243,"[-0.48158964715875596, -0.025604602777833694, -0.1662521795013829]"

0.2572318845130596,3.1978898189328375,0.8504036277685199,"[0.47566794906975424, 0.7096685077218136, 0.3151868659838183]"

0.2854098021549229,3.025146176930871,0.8374121952745633,"[0.5790025620827276, -0.4790339613884275, 0.04285295419402731]"

0.3523724328009756,2.9697450849080984,0.8423682122798496,"[0.5790025620827276, -0.4790339613884275, 0.04285295419402731]"

0.29016364581899423,2.936902430905637,0.8584715765287975,"[0.17439448244687852, -0.4915865132894823, 0.07986327942027097]"

0.29997278352608614,2.849213690683198,0.892668955082752,"[0.14616536876547684, -0.771393290080499, 0.1430086666410571]"

0.06136285020891703,2.8621691104792615,0.8439756731220788,"[-1.2290147826285576, -0.29667589661959143, 0.23858566595840455]"

0.11213739896729313,2.9654264143829128,0.8825875510431928,"[-0.21935070449027924, 0.3393187538728086, 0.24613383701212257]"

0.018326510963542073,3.2035696712888635,1.0384776729461054,"[-0.8430694105588994, 1.3915808786131827, 0.6283973204149067]"

-0.15331643146305096,3.126346790402529,1.013855315608414,"[-1.2983753723735416, 0.408191294114876, 0.45963202929919156]"

-0.07492214110993863,3.2165269846988758,0.9441021004512605,"[-0.15034958299371226, 0.4423131012979917, 0.1394090284091894]"

-0.08471906095327902,3.0338330116075127,0.8791610891894118,"[-0.059788186682333336, -0.7597908214577275, -0.05795867776132628]"

-0.08935374552256639,2.9749352428090376,0.8746682252244291,"[-0.059788186682333336, -0.7597908214577275, -0.05795867776132628]"

-0.08862636084258071,2.8011606113684864,0.7695709083419242,"[-0.02755652746304177, -1.2902266944058896, -0.22496849119225454]"

0.15643635178189966,2.693944619231586,0.7530498348638249,"[0.7948457517442326, -1.2148539676287395, -0.2354429500565011]"

0.2291139474370651,2.5828631103405306,0.7315218497339868,"[0.7948457517442326, -1.2148539676287395, -0.2354429500565011]"

0.3150136520518717,2.7091906771706675,0.597649917782456,"[0.8910967218840964, -0.2098789810938202, -0.4250986247381528]"

0.1508428498926774,2.682593107727239,0.1614328498789983,"[-0.2240200651722765, -0.30546788550968607, -1.0715834300578722]"

-0.05617912211947442,2.9471817774593503,0.14836810366242892,"[-1.1107000788300139, 0.8053672925914864, -0.9160090923615496]"

-0.2834114253126321,2.7493095969103987,0.4178250769076567,"[-1.58222728143516, -0.466111489668276, -0.16332901709219527]"

-0.15417306178377072,2.8130319542177604,0.46328477495327525,"[-0.24919154864018142, -0.270302352523396, -0.20760560519140808]"

-0.2792703991426917,2.9477185753493433,0.6534544407525308,"[-0.9337053520637414, 0.5932968929791648, 0.06850958864993892]"

-0.26035110792622995,3.0966226209580454,0.7247436055656316,"[-0.2982311380764702, 1.0033817663062063, 0.05372826125272018]"

-0.2777292482907189,2.915111378240427,0.688353880581657,"[-0.08074202345173694, -0.2579506533785248, -0.035218216217247265]"

-0.30177935819455404,2.8891116773742973,0.6823088419556544,"[-0.15622392516682615, -0.26686226863901047, 0.026454021585273546]"

-0.4398072067544389,2.606602297124338,0.6833198785257227,"[-0.5325118275006121, -1.434431895020787, 0.1003311842519804]"

-0.2524415901968339,2.501415218840831,0.7417629627477418,"[0.6904464052728844, -1.539292072543637, -0.01581475096513855]"

-0.18387763843576097,2.3485576666802537,0.7401924978803651,"[0.6904464052728844, -1.539292072543637, -0.01581475096513855]"

-0.1404425759778357,2.484839792114795,0.7053008553224008,"[0.6753935225224562, -0.5200421628988126, 0.017015534539258744]"

-0.1336201702500815,2.422851089583183,0.7658204276036681,"[0.380154829597096, -0.5468221693734081, 0.0881831603647222]"

-0.09253291564937031,2.383593797106866,0.7740086553731165,"[0.3832075008728775, -0.4155076809565556, -0.026203165591768017]"

-0.12605834886167544,2.3385542041658787,0.7703788311287256,"[0.23583886223395617, -1.1511619537468336, -0.10698398977058593]"

-0.06260013606148462,2.153459225220522,0.6554677268871255,"[0.32849457968482715, -1.124777615532689, -0.16054495890219475]"

-0.03462038026491814,2.0576555043851736,0.6417931976185969,"[0.32849457968482715, -1.124777615532689, -0.16054495890219475]"

-0.016287202408708172,1.8998855577421079,0.6130479434437188,"[0.10100479196150144, -1.2487094769618754, -0.21346189048582875]"

-0.2896915791873189,2.4920563024612674,0.7915139260229214,"[-0.6038771676509787, 0.20668604287074815, 0.060210517828603725]"

-0.4148073135988958,2.3071867312856082,0.7152085504097018,"[-0.7620603384858067, -0.7095765727148032, 0.06363574365825392]"

-0.2457726350186531,2.299615353754655,0.8697340688732461,"[0.45727600437497573, -0.6337878405431926, 0.26421993285745377]"

-0.1802489139657062,2.159278712385721,0.9284001404823885,"[0.4513579965529142, -0.8596177876296913, 0.15077992391815767]"

-0.4461377662775457,2.103328143907075,0.8517898360522643,"[-0.9917106838959647, -0.7097825673209494, 0.12723917651412667]"

-0.5241437048885714,2.1349995882416484,0.8317725243023855,"[-0.994008922895749, -0.19786450934210642, 0.06887948137565807]"

-0.6188369709225194,2.116150223623044,0.8383342592163787,"[-0.994008922895749, -0.19786450934210642, 0.06887948137565807]"

-0.36107699237604,2.2429549546553655,0.6361571081878493,"[0.1250831833429269, 0.19210345026651707, -0.35925327680026725]"

-0.3436389477828732,2.2576219656518415,0.6359698600946846,"[0.23908918300581175, 0.2044114595957404, -0.31383809352693887]"

-0.3535440598532407,2.262992481164853,0.6021257488338975,"[-0.1522861687848921, 0.1294585967998396, -0.33540303982699027]"

-0.36739034433963247,2.0661504453769712,0.7138493635709123,"[-0.14406172129805814, -0.5368602365766382, -0.1055796945201451]"

-0.37987067057370455,2.0196412767081107,0.7047028045861082,"[-0.14406172129805814, -0.5368602365766382, -0.1055796945201451]"

-0.3866055427694207,1.9676906294836138,0.7560014057967857,"[-0.17453117602401347, -0.5286258515373603, -0.09232619747094621]"

-0.4299728875462943,1.7811147122032258,0.8581278592646164,"[-0.16064663848398658, -1.4167976449168755, 0.0003911738419045907]"

-0.44344079487193616,1.6623366315599108,0.8581606535583569,"[-0.16064663848398658, -1.4167976449168755, 0.0003911738419045907]"

-0.4012824643075969,1.576317320429857,0.8167712392083071,"[0.08596212006660729, -1.3349084648436147, -0.05437269938428516]"
